{
  "moduleInfo": {
    "moduleName": "WCO",
    "moduleInitials": "WCO",
    "moduleDesc": "KETSU Module for wcostream.com",
    "developer": "you're mom",
    "moduleID": "25565",
    "moduleImage": "https://www.wcostream.com/wp-content/themes/animewp78712/images/logo.gif",
    "moduleVersion": 1.2,
    "moduleLenguage": "ENG",
    "moduleType": "Video",
    "baseURL": "https://www.wcostream.com/",
    "moduleDeveloperSite": "https://mprotmod.github.io/Modules-KETSU/",
    "UpdateSite": "https://raw.githubusercontent.com/mprotmod/Modules-KETSU/main/Module%20Parser%20KETSU/WCOS/module.json",
    "preferedServer": "WCOSERV",
    "preferedDownloadServer": "WCOSERV",
    "blackListed": [
      ""
    ]
  },
  "global": {
    "variables": [
      {
        "key": "",
        "value": ""
      }
    ],
    "cookies": [
      {
        "key": "",
        "value": ""
      }
    ],
    "headers": [
      {
        "key": "",
        "value": ""
      }
    ]
  },
  "mainPage": [
    {
      "request": {
        "url": "https://www.wcostream.com/",
        "method": "get",
        "headers": [
          {
            "key": "",
            "value": ""
          }
        ],
        "httpBody": null
      },
      "extra": {
        "commands": [
          {
            "commandName": "",
            "params": [
              {
                "key": "",
                "value": ""
              }
            ]
          }
        ],
        "extraInfo": [
          {
            "key": "",
            "value": ""
          }
        ]
      },
      "javascriptConfig": {
        "removeJavascript": true,
        "loadInWebView": false,
        "javaScript": "const DefaultLayouts = { ultraWideFull: 'ultraWideFull', ultraWide: 'ultraWide', wideFull: 'wideFull', wide: 'wide', wideStrechedFull: 'wideStrechedFull', wideStrechedFullDouble: 'WideStrechedFullDouble', wideStreched: 'wideStreched', wideStrechedDouble: 'wideStrechedDouble', wideStrechedFullList: 'wideStrechedFullList', wideStrechedList: 'wideStrechedList', doublets: 'doublets', doubletsDouble: 'doubletsDouble', doubletsFull: 'doubletsFull', doubletsFullDouble: 'doubletsFullDouble', doubletsConstant: 'doubletsConstant', doubletsDoubleConstant: 'doubletsDoubleConstant', doubletsFullConstant: 'doubletsFullConstant', doubletsFullDoubleConstant: 'doubletsFullDoubleConstant', longDoublets: 'longDoublets', longDoubletsDouble: 'longDoubletsDouble', longDoubletsFull: 'longDoubletsFull', longDoubletsFullDouble: 'longDoubletsFullDouble', longDoubletsConstant: 'longDoubletsConstant', longDoubletsDoubleConstant: 'longDoubletsDoubleConstant', longDoubletsFullConstant: 'longDoubletsFullConstant', longDoubletsFullDoubleConstant: 'longDoubletsFullDoubleConstant', triplets: 'triplets', tripletsDouble: 'tripletsDouble', tripletsFull: 'tripletsFull', tripletsFullDouble: 'tripletsFullDouble', tripletsConstant: 'tripletsConstant', tripletsDoubleConstant: 'tripletsDoubleConstant', tripletsFullConstant: 'tripletsFullConstant', tripletsFullDoubleConstant: 'tripletsFullDoubleConstant', longTriplets: 'longTriplets', longTripletsDouble: 'longTripletsDouble', longTripletsFull: 'longTripletsFull', longTripletsFullDouble: 'longTripletsFullDouble', longTripletsConstant: 'longTripletsConstant', longTripletsDoubleConstant: 'longTripletsDoubleConstant', longTripletsFullConstant: 'longTripletsFullConstant', longTripletsFullDoubleConstant: 'longTripletsFullDoubleConstant', none: ''};const CellDesings = { Special1: 'Special1', Special2: 'Special2', Special3: 'Special3', CELLHelperText: 'CELLHelperText', small1: 'small1', small2: 'small2', normal1: 'normal1', normal2: 'normal2', normal3: 'normal3', normal4: 'normal4', normal5: 'normal5', normal6: 'normal6', normal7: 'normal7', wide1: 'wide1', wide2: 'wide2', wide3: 'wide3', wide4: 'wide4', wide5: 'wide5', wide6: 'wide6', wide7: 'wide7', wide8: 'wide8', wide9: 'wide9', wide10: 'wide10', wide11: 'wide11'};const Paging = { leading: 'leading', centered: 'centered', none: ''};const Orientation = { horizontal: 'horizontal', vertical: 'vertical'};function MainPage(request, extra, javascriptConfig, output) { this.request = request; this.extra = extra; this.javascriptConfig = javascriptConfig; this.output = output;}function ModuleRequest(url, method, headers, httpBody) { this.url = url; this.method = method; this.headers = headers; this.httpBody = httpBody;}function Extra(commands, extraInfo) { this.commands = commands; this.extraInfo = extraInfo;}function Commands(commandName, params) { this.commandName = commandName; this.params = params;}function JavascriptConfig(removeJavascript, loadInWebView, javaScript) { this.removeJavascript = removeJavascript; this.loadInWebView = loadInWebView; this.javaScript = javaScript;}function KeyValue(key, value) { this.key = key; this.value = value;}function Output(cellDesing, orientation, defaultLayout, paging, section, layout, data) { this.cellDesing = cellDesing; this.orientation = orientation; this.defaultLayout = defaultLayout; this.paging = paging; this.section = section; this.layout = layout; this.data = data;}function Section(sectionName, separator) { this.sectionName = sectionName; this.separator = separator;}function Layout(insets, visibleCellsWidthS, visibleCellsWidthM, visibleCellsWidthL, visibleCellsHeight, heightForVisibleCells, cellSize, ratio, constant, horizontalSpacing, verticalSpacing) { this.insets = insets; this.visibleCellsWidthS = visibleCellsWidthS; this.visibleCellsWidthM = visibleCellsWidthM; this.visibleCellsWidthL = visibleCellsWidthL; this.visibleCellsHeight = visibleCellsHeight; this.heightForVisibleCells = heightForVisibleCells; this.cellSize = cellSize; this.ratio = ratio; this.constant = constant; this.horizontalSpacing = horizontalSpacing; this.verticalSpacing = verticalSpacing;}function Insets(top, bottom, left, right) { this.top = top; this.bottom = bottom; this.left = left; this.right = right;}function Size(width, height) { this.width = width; this.height = height;}function Ratio(inRelation, number1, number2) { this.inRelation = inRelation; this.number1 = number1; this.number2 = number2;}function Data(image, title, description, field1, field2, field3, field4, isChapter, link, openInWebView) { this.image = image; this.title = title; this.description = description; this.field1 = field1; this.field2 = field2; this.field3 = field3; this.field4 = field4; this.isChapter = isChapter; this.link = link; this.openInWebView = openInWebView;}function quickData(link, image, title, field1) { return new Data(image, title, 'unknown', field1, 'unknown', 'unknown', 'unknown', false, link);}function shuffle(a) { var j, x, i; for (i = a.length - 1; i > 0; i--) { j = Math.floor(Math.random() * (i + 1)); x = a[i]; a[i] = a[j]; a[j] = x; } return a;}function returnEps(a) { var eps = document.querySelectorAll('.sidebar_body')[a].querySelectorAll('li'); var dataArray = []; for (var i = 0; i < eps.length; i++) { ep = eps[i]; var link = ep.querySelector('a').href; if (link.includes('-season')) { link = link.split('-season')[0]; } else if (link.includes('-episode')) { link = link.split('-episode')[0]; } else { continue; } link = link.replace('https://www.wcostream.com', 'https://www.wcostream.com/anime'); var image = 'https:' + ep.querySelector('img').src; image = new ModuleRequest(image, 'get ', emptyKeyValue, null); var title = ep.querySelector('img').alt; if (title.includes('Subbed')) { link = link + '-english-subbed'; } link = new ModuleRequest(link, 'get', emptyKeyValue, null); var fullt = ep.querySelectorAll('a')[1].innerText; var number; if (fullt.includes('Episode ')) { number = 'Episode ' + fullt.split('Episode ')[1].split(' ')[0]; } else { number = 'FULL'; } var episode = new Data(image, title, 'desc', number, title, 'f3', 'f4', false, link); dataArray.push(episode); } return dataArray;}var savedData = document.getElementById('ketsu-final-data');var parsedJson = JSON.parse(savedData.innerHTML);let output = [];let emptyKeyValue = [new KeyValue('', '')];var topLayout = new Layout(new Insets(0, 0, 0, 0), 1, 2, 3, 1, 500, new Size(400, 20), new Ratio('width', 1, 1), new Size(0, 0), 0, 0);var baseUrl = 'https://wcostream.com';var recArray = returnEps(0);var dubArray = returnEps(1);var cartoonArray = returnEps(2);var subArray = returnEps(3);var popular = document.querySelector('.menustyle').querySelectorAll('li');var popularArray = [];for (var i = 0; i < popular.length; ++i) { var link = baseUrl + popular[i].querySelector('a').href; link = new ModuleRequest(link, 'get', emptyKeyValue, null); var image = 'https://islandpress.org/sites/default/files/default_book_cover_2015.jpg'; image = new ModuleRequest(image, 'get ', emptyKeyValue, null); var title = popular[i].querySelector('a').title; if (title.includes('Season ')) { title = title.split('Season ')[0]; } else if (title.includes('Episode ')) { title = title.split('Episode ')[0]; } var anime = quickData(link, image, title, title, title); popularArray.push(anime);}output.push(new Output(CellDesings.Special3,Orientation.horizontal,DefaultLayouts.none,Paging.leading,new Section('',true),topLayout,recArray)); output.push(new Output(CellDesings.normal2,Orientation.horizontal,DefaultLayouts.longTripletsDouble,Paging.leading,new Section('Dubbed ',true),null,dubArray)); output.push(new Output(CellDesings.normal2,Orientation.horizontal,DefaultLayouts.longTripletsDouble,Paging.leading,new Section('Cartoons ',true),null,cartoonArray)); output.push(new Output(CellDesings.normal2,Orientation.horizontal,DefaultLayouts.longTripletsDouble,Paging.leading,new Section('Subbed ',true),null,subArray)); output.push(new Output(CellDesings.small2,Orientation.vertical,DefaultLayouts.wide,Paging.leading,new Section('Popular & Ongoing Series ',true),new Layout(new Insets(0,0,10,10),1,1,1,1,50,new Size(400,50),null,new Size(0,0),0,0),popularArray)); let MainPageObject = new MainPage(new ModuleRequest('', 'get', emptyKeyValue, null), new Extra([new Commands('', emptyKeyValue)], emptyKeyValue), new JavascriptConfig(true, false, ''), output);var finalJson = JSON.stringify(MainPageObject);savedData.innerHTML = finalJson;"
      },
      "output": [
        {
          "cellDesing": "normal1",
          "orientation": "vertical",
          "defaultLayout": "wide",
          "paging": "",
          "section": {
            "sectionName": "",
            "separator": false
          },
          "layout": {
            "insets": {
              "top": 0,
              "bottom": 0,
              "left": 0,
              "right": 0
            },
            "visibleCellsWidthS": 2,
            "visibleCellsWidthM": 2,
            "visibleCellsWidthL": 2,
            "visibleCellsHeight": 2,
            "heightForVisibleCells": 400,
            "cellSize": {
              "width": 300,
              "height": 300
            },
            "ratio": {
              "inRelation": "width",
              "number1": 1,
              "number2": 2
            },
            "constant": {
              "width": 1,
              "height": 2
            },
            "horizontalSpacing": 0,
            "verticalSpacing": 0
          },
          "data": [
            {
              "image": {
                "url": "",
                "method": "get",
                "headers": [
                  {
                    "key": "",
                    "value": ""
                  }
                ],
                "httpBody": null
              },
              "title": "",
              "description": "",
              "field1": "",
              "field2": "",
              "field3": "",
              "field4": "",
              "openInWebView" : false,
              "isChapter": false,
              "link": {
                "url": "",
                "method": "",
                "headers": [
                  {
                    "key": "",
                    "value": ""
                  }
                ],
                "httpBody": null
              }
            }
          ]
        }
      ]
    }
  ],
  "search": [
    {
      "request": {
        "url": "https://www.wcostream.com/search",
        "method": "post",
        "headers": [
          {
            "key": "",
            "value": ""
          }
        ],
        "httpBody": "catara=<searched>&konuara=series"
      },
      "separator": "+",
      "extra": {
        "commands": [
          {
            "commandName": "",
            "params": [
              {
                "key": "",
                "value": ""
              }
            ]
          }
        ],
        "extraInfo": [
          {
            "key": "",
            "value": ""
          }
        ]
      },
      "javascriptConfig": {
        "removeJavascript": true,
        "loadInWebView": false,
        "javaScript": "const DefaultLayouts = { ultraWideFull : 'ultraWideFull', ultraWide : 'ultraWide', wideFull : 'wideFull', wide : 'wide', wideStrechedFull : 'wideStrechedFull', wideStrechedFullDouble : 'WideStrechedFullDouble', wideStreched : 'wideStreched', wideStrechedDouble : 'wideStrechedDouble', wideStrechedFullList : 'wideStrechedFullList', wideStrechedList : 'wideStrechedList', doublets : 'doublets', doubletsDouble : 'doubletsDouble', doubletsFull : 'doubletsFull', doubletsFullDouble : 'doubletsFullDouble', doubletsConstant : 'doubletsConstant', doubletsDoubleConstant : 'doubletsDoubleConstant', doubletsFullConstant : 'doubletsFullConstant', doubletsFullDoubleConstant : 'doubletsFullDoubleConstant', longDoublets : 'longDoublets', longDoubletsDouble : 'longDoubletsDouble', longDoubletsFull : 'longDoubletsFull', longDoubletsFullDouble : 'longDoubletsFullDouble', longDoubletsConstant : 'longDoubletsConstant', longDoubletsDoubleConstant : 'longDoubletsDoubleConstant', longDoubletsFullConstant : 'longDoubletsFullConstant', longDoubletsFullDoubleConstant : 'longDoubletsFullDoubleConstant', triplets : 'triplets', tripletsDouble : 'tripletsDouble', tripletsFull : 'tripletsFull', tripletsFullDouble : 'tripletsFullDouble', tripletsConstant : 'tripletsConstant', tripletsDoubleConstant : 'tripletsDoubleConstant', tripletsFullConstant : 'tripletsFullConstant', tripletsFullDoubleConstant : 'tripletsFullDoubleConstant', longTriplets : 'longTriplets', longTripletsDouble : 'longTripletsDouble', longTripletsFull : 'longTripletsFull', longTripletsFullDouble : 'longTripletsFullDouble', longTripletsConstant : 'longTripletsConstant', longTripletsDoubleConstant : 'longTripletsDoubleConstant', longTripletsFullConstant : 'longTripletsFullConstant', longTripletsFullDoubleConstant : 'longTripletsFullDoubleConstant', none: '' };const CellDesings = { Special1 : 'Special1',Special2 : 'Special2',Special3 : 'Special3',CELLHelperText : 'CELLHelperText', small1 : 'small1', small2 : 'small2', normal1 : 'normal1', normal2 : 'normal2', normal3 : 'normal3', normal4 : 'normal4', normal5 : 'normal5', normal6 : 'normal6', normal7 : 'normal7', wide1 : 'wide1', wide2 : 'wide2', wide3 : 'wide3', wide4 : 'wide4', wide5 : 'wide5', wide6 : 'wide6', wide7 : 'wide7', wide8 : 'wide8', wide9 : 'wide9', wide10 : 'wide10', wide11 : 'wide11'};const Paging = { leading : 'leading', centered : 'centered', none : ''};const Orientation = { horizontal : 'horizontal', vertical : 'vertical'};function Search(request,extra,separator,javascriptConfig,output) { this.request = request; this.extra = extra; this.separator = separator; this.javascriptConfig = javascriptConfig; this.output = output; } function ModuleRequest(url,method,headers,httpBody) { this.url = url; this.method = method; this.headers = headers; this.httpBody = httpBody; } function Extra(commands,extraInfo) { this.commands = commands; this.extraInfo = extraInfo; } function Commands(commandName,params) { this.commandName = commandName; this.params = params; } function JavascriptConfig(removeJavascript,loadInWebView,javaScript) { this.removeJavascript = removeJavascript; this.loadInWebView = loadInWebView; this.javaScript = javaScript; } function KeyValue(key,value) { this.key = key; this.value = value; } function Output(cellDesing,orientation,defaultLayout,paging,section,layout,data) { this.cellDesing = cellDesing; this.orientation = orientation; this.defaultLayout = defaultLayout; this.paging = paging; this.section = section; this.layout = layout; this.data = data; } function Section(sectionName,separator) { this.sectionName = sectionName; this.separator = separator; } function Layout(insets, visibleCellsWidthS,visibleCellsWidthM,visibleCellsWidthL, visibleCellsHeight, heightForVisibleCells, cellSize, ratio, constant, horizontalSpacing, verticalSpacing) { this.insets = insets; this.visibleCellsWidthS = visibleCellsWidthS; this.visibleCellsWidthM = visibleCellsWidthM; this.visibleCellsWidthL = visibleCellsWidthL; this.visibleCellsHeight = visibleCellsHeight; this.heightForVisibleCells = heightForVisibleCells; this.cellSize = cellSize; this.ratio = ratio; this.constant = constant; this.horizontalSpacing = horizontalSpacing; this.verticalSpacing = verticalSpacing;} function Insets(top,bottom,left,right) { this.top = top; this.bottom = bottom; this.left = left; this.right = right; } function Size(width,height) { this.width = width; this.height = height; } function Ratio(inRelation,number1,number2) { this.inRelation = inRelation; this.number1 = number1; this.number2 = number2; } function Data(image,title,description,field1,field2,field3,field4,isChapter,link,openInWebView) { this.image = image; this.title = title; this.description = description; this.field1 = field1; this.field2 = field2; this.field3 = field3; this.field4 = field4; this.isChapter = isChapter; this.link = link; this.openInWebView = openInWebView; } function quickData(link,image,title,field1) { return new Data(image,title,'unknown',field1,'unknown','unknown','unknown',false,link); } function shuffle(a) { var j, x, i; for (i = a.length - 1; i > 0; i--) { j = Math.floor(Math.random() * (i + 1)); x = a[i]; a[i] = a[j]; a[j] = x; } return a; }var savedData = document.getElementById('ketsu-final-data');var parsedJson = JSON.parse(savedData.innerHTML); let output = [];let emptyKeyValue = [new KeyValue('','')];var baseUrl = 'https://wcostream.com';var animes = document.getElementById('blog').querySelectorAll('div.cerceve');var dataArray = [];for (var i = 0; i < animes.length; i++) { var anime = animes[i]; var name = anime.querySelector('a').getAttribute('title'); var image = baseUrl + anime.querySelector('img').src; image = new ModuleRequest(image, 'get', emptyKeyValue, null); var link = baseUrl + anime.querySelector('a').href; link = new ModuleRequest(link, 'get', emptyKeyValue, null); var x = anime.querySelector('div.cerceve-tur-ve-genre').innerText.charAt(6); if (x == 'c') { var type = 'Cartoon'; var voice = 'DUB'; } else if (x == 'd') { var voice = 'DUB'; var type = 'Anime'; } else { var voice = 'SUB'; var type = 'Anime'; } var searchObj = new Data(image, name, type+' '+voice, 'field1', 'field2', 'field3', 'field4', false, link); dataArray.push(searchObj);}var testLayout = new Layout(new Insets(10, 10, 10, 10), 1, 2, 3, 1, 500, new Size(400, 400), new Ratio('width', 4, 11), new Size(0, 0), 10, 10);output.push(new Output(CellDesings.wide8, Orientation.vertical, DefaultLayouts.none, Paging.none, new Section('', false), testLayout, dataArray));let searchPageObject = new Search(new ModuleRequest('','',emptyKeyValue,null),new Extra([new Commands('',emptyKeyValue)],emptyKeyValue),'',new JavascriptConfig(true,false,''),output);var finalJson = JSON.stringify(searchPageObject);savedData.innerHTML = finalJson;"
      },
      "output": [
        {
          "cellDesing": "normal1",
          "orientation": "vertical",
          "defaultLayout": "wide",
          "paging": "",
          "section": {
            "sectionName": "",
            "separator": false
          },
          "layout": {
            "insets": {
              "top": 0,
              "bottom": 0,
              "left": 0,
              "right": 0
            },
            "visibleCellsWidthS": 2,
            "visibleCellsWidthM": 2,
            "visibleCellsWidthL": 2,
            "visibleCellsHeight": 2,
            "heightForVisibleCells": 400,
            "cellSize": {
              "width": 300,
              "height": 300
            },
            "ratio": {
              "inRelation": "width",
              "number1": 1,
              "number2": 2
            },
            "constant": {
              "width": 1,
              "height": 2
            },
            "horizontalSpacing": 0,
            "verticalSpacing": 0
          },
          "data": [
            {
              "image": {
                "url": "",
                "method": "get",
                "headers": [
                  {
                    "key": "",
                    "value": ""
                  }
                ],
                "httpBody": null
              },
              "title": "",
              "description": "",
              "field1": "",
              "field2": "",
              "field3": "",
              "field4": "",
              "openInWebView" : false,
              "isChapter": false,
              "link": {
                "url": "empty",
                "method": "get",
                "headers": [
                  {
                    "key": "key",
                    "value": "value"
                  }
                ],
                "httpBody": null
              }
            }
          ]
        }
      ]
    }
  ],
  "info": [
    {
      "request": {
        "url": "",
        "method": "get",
        "headers": [
          {
            "key": "",
            "value": ""
          }
        ],
        "httpBody": null
      },
      "extra": {
        "commands": [
          {
            "commandName": "",
            "params": [
              {
                "key": "",
                "value": ""
              }
            ]
          }
        ],
        "extraInfo": [
          {
            "key": "",
            "value": ""
          }
        ]
      },
      "javascriptConfig": {
        "removeJavascript": true,
        "loadInWebView": false,
        "javaScript": "function Info(request, extra, javascriptConfig, output) { this.request = request; this.extra = extra; this.javascriptConfig = javascriptConfig; this.output = output;}function ModuleRequest(url, method, headers, httpBody) { this.url = url; this.method = method; this.headers = headers; this.httpBody = httpBody;}function Extra(commands, extraInfo) { this.commands = commands; this.extraInfo = extraInfo;}function Commands(commandName, params) { this.commandName = commandName; this.params = params;}function JavascriptConfig(removeJavascript, loadInWebView, javaScript) { this.removeJavascript = removeJavascript; this.loadInWebView = loadInWebView; this.javaScript = javaScript;}function KeyValue(key, value) { this.key = key; this.value = value;}function Chapter(chapName, link,openInWebView) { this.chapName = chapName; this.link = link; this.openInWebView = openInWebView;}function Output(image, title, link, description, genres, field1, field2, field3, field4, chapters) { this.image = image; this.link = link; this.title = title; this.description = description; this.genres = genres; this.field1 = field1; this.field2 = field2; this.field3 = field3; this.field4 = field4; this.chapters = chapters;}function getStuff(array,match) { for (var x = 0 ; x< array.length;x++) { let data = array[x].innerText; if (data.includes(match)) { return data.replace(match,'').trim(); } } }function getHtmlStuff(array,match) { for (var x = 0 ; x< array.length;x++) { let data = array[x].innerText; if (data.includes(match)) { return array[x]; } }}var savedData = document.getElementById('ketsu-final-data');var parsedJson = JSON.parse(savedData.innerHTML);let emptyKeyValue = [new KeyValue('', '')];var episodes = [];var type = 'empty';var status = 'Unknown';var genres = [];var desc = '';var title = '';var image = '';image = new ModuleRequest(image,'get',emptyKeyValue,null);var genresArray = [];title = document.querySelector('h2').title;var details = document.querySelector('div.katcont');desc = details.querySelector('p').innerText;image = 'https:' + details.querySelector('img').src;image = new ModuleRequest(image, 'get ', emptyKeyValue, null);var gs = details.querySelectorAll('div.wcobtn');for (var i = 1; i < gs.length; i++) { genres.push(gs[i].innerText);}var eps = document.querySelector('div.cat-listview').querySelectorAll('li');for (var i = eps.length - 1; i >= 0; i--) { var link = eps[i].querySelector('a').href.replace('www', 'm'); episodes.push(new Chapter(eps[i].querySelector('a').title.substring(eps[i].querySelector('a').title.indexOf('Episode ')), new ModuleRequest(link, 'get', emptyKeyValue, null), false));}let infoPageObject = new Info(new ModuleRequest('', '', emptyKeyValue, null), new Extra([new Commands('', emptyKeyValue)], emptyKeyValue), new JavascriptConfig(false, false, ''), new Output(image, title, parsedJson.request, desc, genres, status, 'Anime', type, 'Eps: ' + episodes.length, episodes));var finalJson = JSON.stringify(infoPageObject);savedData.innerHTML = finalJson;"
      },
      "output": {
        "image": {
          "url": "",
          "method": "get",
          "headers": [
            {
              "key": "",
              "value": ""
            }
          ],
          "httpBody": null
        },
        "link": {
          "url": "",
          "method": "get",
          "headers": [
            {
              "key": "",
              "value": ""
            }
          ],
          "httpBody": null
        },
        "title": "",
        "description": "",
        "genres": [
          ""
        ],
        "field1": "",
        "field2": "",
        "field3": "",
        "field4": "",
        "chapters": [
          {
            "chapName": "",
            "openInWebView": false,
            "link": {
              "url": "empty",
              "method": "get",
              "headers": [
                {
                  "key": "key",
                  "value": "value"
                }
              ],
              "httpBody": null
            }
          }
        ]
      }
    }
  ],
  "chapters": [
    {
      "request": {
        "url": "",
        "method": "get",
        "headers": [
          {
            "key": "key",
            "value": "value"
          }
        ],
        "httpBody": null
      },
      "extra": {
        "commands": [
          {
            "commandName": "",
            "params": [
              {
                "key": "",
                "value": ""
              }
            ]
          }
        ],
        "extraInfo": [
          {
            "key": "",
            "value": ""
          }
        ]
      },
      "javascriptConfig": {
        "removeJavascript": false,
        "loadInWebView": false,
        "javaScript": "function Chapters(request, extra, javascriptConfig, output) { this.request = request; this.extra = extra; this.javascriptConfig = javascriptConfig; this.output = output;}function ModuleRequest(url, method, headers, httpBody) { this.url = url; this.method = method; this.headers = headers; this.httpBody = httpBody;}function Extra(commands, extraInfo) { this.commands = commands; this.extraInfo = extraInfo;}function Commands(commandName, params) { this.commandName = commandName; this.params = params;}function JavascriptConfig(removeJavascript, loadInWebView, javaScript) { this.removeJavascript = removeJavascript; this.loadInWebView = loadInWebView; this.javaScript = javaScript;}function KeyValue(key, value) { this.key = key; this.value = value;}function Output( videos, images, text) { this.videos = videos; this.images = images; this.text = text;}function Videos(needsResolver, rawVideo) { this.needsResolver = needsResolver; this.rawVideo = rawVideo;}function NeedsResolver(resolverIdentifier, link) { this.resolverIdentifier = resolverIdentifier; this.link = link;}function RawVideo(video) { this.video = video;}function Video(videoQuality, videoLink) { this.videoQuality = videoQuality; this.videoLink = videoLink;}function Text(text) { this.text = text;}var output = [];var savedData = document.getElementById('ketsu-final-data');var parsedJson = JSON.parse(savedData.innerHTML);var emptyKeyValue = [new KeyValue('', '')];var link1 = 'https://m.wcostream.com'+(document.querySelector('iframe').src.replace('about:',''));output.push(new NeedsResolver('WCOS', new ModuleRequest(link1, 'get', emptyKeyValue, null)));let emptyExtra = new Extra([new Commands('', emptyKeyValue)], emptyKeyValue);var chaptersObject = new Chapters(new ModuleRequest('', '', emptyKeyValue, null), emptyExtra, new JavascriptConfig(false, false, ''), new Output(new Videos(output, null), null, null));var finalJson = JSON.stringify(chaptersObject);savedData.innerHTML = finalJson;"
      },
      "output": {
        "videos": {
          "needsResolver": [
            {
              "resolverIdentifier": "",
              "link": {
                "url": "",
                "method": "get",
                "headers": [
                  {
                    "key": "key",
                    "value": "value"
                  }
                ],
                "httpBody": null
              }
            }
          ],
          "rawVideo": [
            {
              "video": [
                {
                  "videoQuality": "",
                  "videoLink": {
                    "url": "http://commondatastorage.googleapis.com/gtv-videos-bucket/sample/BigBuckBunny.mp4",
                    "method": "get",
                    "headers": [
                      {
                        "key": "key",
                        "value": "value"
                      }
                    ],
                    "httpBody": null
                  }
                }
              ]
            }
          ]
        },
        "images": [
          {
            "url": "empty",
            "method": "get",
            "headers": [
              {
                "key": "key",
                "value": "value"
              }
            ],
            "httpBody": null
          }
        ],
        "text": {
          "text": ""
        }
      }
    }
  ],
  "moduleResolvers": [
    {
      "resolverInfo": {
        "resolverName": "WCOS",
        "nameMatches": [
          "WCOS",
          "WCO"
        ],
        "developer": "you're mom",
        "moduleID": "27015",
        "resolverVersion": 1.0,
        "baseURL": ""
      },
      "resolver": [
        {
          "request": {
            "url": "empty",
            "method": "get",
            "headers": [
              {
                "key": "key",
                "value": "value"
              }
            ],
            "httpBody": null
          },
          "extra": {
            "commands": [
              {
                "commandName": "",
                "params": [
                  {
                    "key": "",
                    "value": ""
                  }
                ]
              }
            ],
            "extraInfo": [
              {
                "key": "",
                "value": ""
              }
            ]
          },
          "javascriptConfig": {
            "removeJavascript": false,
            "loadInWebView": false,
            "javaScript": "function Resolver(request, extra, javascriptConfig, output) { this.request = request; this.extra = extra; this.javascriptConfig = javascriptConfig; this.output = output;}function ModuleRequest(url, method, headers, httpBody) { this.url = url; this.method = method; this.headers = headers; this.httpBody = httpBody;}function Extra(commands, extraInfo) { this.commands = commands; this.extraInfo = extraInfo;}function Commands(commandName, params) { this.commandName = commandName; this.params = params;}function JavascriptConfig(removeJavascript, loadInWebView, javaScript) { this.removeJavascript = removeJavascript; this.loadInWebView = loadInWebView; this.javaScript = javaScript;}function KeyValue(key, value) { this.key = key; this.value = value;}function Output(video) { this.video = video;}function Video(videoQuality, videoLink) { this.videoQuality = videoQuality; this.videoLink = videoLink;}function getNext(match, array) { for (var x = 0; x < array.length; x++) { let mMatch = array[x]; if (mMatch.includes(match)) { return array[x + 1]; } }}var savedData = document.getElementById('ketsu-final-data');var parsedJson = JSON.parse(savedData.innerHTML);var emptyKeyValue = [new KeyValue('X-Requested-With', 'XMLHttpRequest')];var videos = [];var vidlinkstart = document.querySelector('body').innerHTML.indexOf('/inc/embed/getvidlink.php?v=');var vidlinkend = document.querySelector('body').innerHTML.indexOf(', function(response)') - 1;var rlink = 'https://wcostream.com' + document.querySelector('body').innerHTML.substring(vidlinkstart, vidlinkend);rlink = rlink.trim();emptyKeyValue.push(new KeyValue('X-Requested-With', 'XMLHttpRequest'));videos.push(new Video('Normal', new ModuleRequest('dummy', 'get', emptyKeyValue, null)));let emptyExtra = new Extra([new Commands('',emptyKeyValue)],emptyKeyValue);var chaptersObject = new Resolver(new ModuleRequest(rlink,'get',emptyKeyValue,null),emptyExtra,new JavascriptConfig(false,false,''), new Output(videos));var finalJson = JSON.stringify(chaptersObject);savedData.innerHTML = finalJson;"
          },
          "output": {
            "moduleID": "27015",
            "video": [
              {
                "videoQuality": "720",
                "videoLink": {
                  "url": "http://commondatastorage.googleapis.com/gtv-videos-bucket/sample/BigBuckBunny.mp4",
                  "method": "get",
                  "headers": [
                    {
                      "key": "key",
                      "value": "value"
                    }
                  ],
                  "httpBody": null
                }
              }
            ]
          }
        },
        {
          "request": {
            "url": "empty",
            "method": "get",
            "headers": [
              {
                "key": "key",
                "value": "value"
              }
            ],
            "httpBody": null
          },
          "extra": {
            "commands": [
              {
                "commandName": "",
                "params": [
                  {
                    "key": "",
                    "value": ""
                  }
                ]
              }
            ],
            "extraInfo": [
              {
                "key": "",
                "value": ""
              }
            ]
          },
          "javascriptConfig": {
            "removeJavascript": false,
            "loadInWebView": false,
            "javaScript": "function Resolver(request, extra, javascriptConfig, output) { this.request = request; this.extra = extra; this.javascriptConfig = javascriptConfig; this.output = output;}function ModuleRequest(url, method, headers, httpBody) { this.url = url; this.method = method; this.headers = headers; this.httpBody = httpBody;}function Extra(commands, extraInfo) { this.commands = commands; this.extraInfo = extraInfo;}function Commands(commandName, params) { this.commandName = commandName; this.params = params;}function JavascriptConfig(removeJavascript, loadInWebView, javaScript) { this.removeJavascript = removeJavascript; this.loadInWebView = loadInWebView; this.javaScript = javaScript;}function KeyValue(key, value) { this.key = key; this.value = value;}function Output(video) { this.video = video;}function Video(videoQuality, videoLink) { this.videoQuality = videoQuality; this.videoLink = videoLink;}function getNext(match, array) { for (var x = 0; x < array.length; x++) { let mMatch = array[x]; if (mMatch.includes(match)) { return array[x + 1]; } }}var savedData = document.getElementById('ketsu-final-data');var parsedJson = JSON.parse(savedData.innerHTML);var emptyKeyValue = [new KeyValue('Accept', 'video/mp4')];var videos = [];var shit = JSON.parse(document.querySelector('body').querySelector('script').innerHTML.replaceAll('/*','').replaceAll('*/',''));let vid = shit.cdn + '/getvid?evid=' + shit.enc;videos.push(new Video('Normal', new ModuleRequest(vid, 'get', emptyKeyValue, null)));let emptyExtra = new Extra([new Commands('',emptyKeyValue)],emptyKeyValue);var chaptersObject = new Resolver(new ModuleRequest('','',emptyKeyValue,null),emptyExtra,new JavascriptConfig(false,false,''), new Output(videos));var finalJson = JSON.stringify(chaptersObject);savedData.innerHTML = finalJson;"
          },
          "output": {
            "moduleID": "27015",
            "video": [
              {
                "videoQuality": "720",
                "videoLink": {
                  "url": "http://commondatastorage.googleapis.com/gtv-videos-bucket/sample/BigBuckBunny.mp4",
                  "method": "get",
                  "headers": [
                    {
                      "key": "key",
                      "value": "value"
                    }
                  ],
                  "httpBody": null
                }
              }
            ]
          }
        }
      ]
    }
  ],
  "responseCodeFunctions": [
    {
      "code": 0,
      "msgTitle": "",
      "msgBody": "",
      "type": "normal",
      "functions": [
        {
          "request": {
            "url": "empty",
            "method": "get",
            "headers": [
              {
                "key": "key",
                "value": "value"
              }
            ],
            "httpBody": null
          },
          "extra": {
            "commands": [
              {
                "commandName": "",
                "params": [
                  {
                    "key": "",
                    "value": ""
                  }
                ]
              }
            ],
            "extraInfo": [
              {
                "key": "",
                "value": ""
              }
            ]
          },
          "javascriptConfig": {
            "removeJavascript": true,
            "loadInWebView": false,
            "javaScript": ""
          }
        }
      ]
    }
  ],
  "helperFunctions": [
    {
      "functionName": "example",
      "msgTitle": "",
      "msgBody": "",
      "type": "normal",
      "functions": [
        {
          "request": {
            "url": "empty",
            "method": "get",
            "headers": [
              {
                "key": "key",
                "value": "value"
              }
            ],
            "httpBody": null
          },
          "extra": {
            "commands": [
              {
                "commandName": "",
                "params": [
                  {
                    "key": "",
                    "value": ""
                  }
                ]
              }
            ],
            "extraInfo": [
              {
                "key": "",
                "value": ""
              }
            ]
          },
          "javascriptConfig": {
            "removeJavascript": true,
            "loadInWebView": false,
            "javaScript": ""
          }
        }
      ]
    }
  ]
}
