{
  "moduleInfo": {
    "moduleName": "Anime Schedule",
    "moduleInitials": "livechart",
    "moduleDesc": "See the anime episodes schedule for the next days, source: livechart.me",
    "developer": "uh, its me!",
    "moduleID": "832473772177",
    "moduleImage": "https://pbs.twimg.com/profile_images/1121382798336544768/04BlXFBJ_400x400.png",
    "moduleVersion": 1.0,
    "moduleLenguage": "ENG",
    "moduleType": "Video",
    "baseURL": "https://www.livechart.me/schedule/tv",
    "moduleDeveloperSite": "https://mprotmod.github.io/Modules-KETSU/index.html",
    "UpdateSite": "https://raw.githubusercontent.com/mprotmod/Modules-KETSU/main/Module%20Parser%20KETSU/live%20chart/moduleTemplate.json",
    "preferedServer": "",
    "searchPlaceHolder" : "Doesn´t do anything.",
    "preferedDownloadServer": "",
    "blackListed": [
      ""
    ]
  },
  "global": {
    "variables": [
      {
        "key": "",
        "value": ""
      }
    ],
    "cookies": [
      {
        "key": "",
        "value": ""
      }
    ],
    "headers": [
      {
        "key": "",
        "value": ""
      }
    ]
  },
  "mainPage": [
    {
      "request": {
        "url": "https://www.livechart.me/schedule/tv",
        "method": "get",
        "headers": [
          {
            "key": "",
            "value": ""
          }
        ],
        "httpBody": null
      },
      "extra": {
        "commands": [
          {
            "commandName": "",
            "params": [
              {
                "key": "",
                "value": ""
              }
            ]
          }
        ],
        "extraInfo": [
          {
            "key": "",
            "value": ""
          }
        ]
      },
      "javascriptConfig": {
        "removeJavascript": true,
        "loadInWebView": false,
        "javaScript": "const DefaultLayouts = { ultraWideFull : 'ultraWideFull', ultraWide : 'ultraWide', wideFull : 'wideFull', wide : 'wide', wideStrechedFull : 'wideStrechedFull', wideStrechedFullDouble : 'WideStrechedFullDouble', wideStreched : 'wideStreched', wideStrechedDouble : 'wideStrechedDouble', wideStrechedFullList : 'wideStrechedFullList', wideStrechedList : 'wideStrechedList', doublets : 'doublets', doubletsDouble : 'doubletsDouble', doubletsFull : 'doubletsFull', doubletsFullDouble : 'doubletsFullDouble', doubletsConstant : 'doubletsConstant', doubletsDoubleConstant : 'doubletsDoubleConstant', doubletsFullConstant : 'doubletsFullConstant', doubletsFullDoubleConstant : 'doubletsFullDoubleConstant', longDoublets : 'longDoublets', longDoubletsDouble : 'longDoubletsDouble', longDoubletsFull : 'longDoubletsFull', longDoubletsFullDouble : 'longDoubletsFullDouble', longDoubletsConstant : 'longDoubletsConstant', longDoubletsDoubleConstant : 'longDoubletsDoubleConstant', longDoubletsFullConstant : 'longDoubletsFullConstant', longDoubletsFullDoubleConstant : 'longDoubletsFullDoubleConstant', triplets : 'triplets', tripletsDouble : 'tripletsDouble', tripletsFull : 'tripletsFull', tripletsFullDouble : 'tripletsFullDouble', tripletsConstant : 'tripletsConstant', tripletsDoubleConstant : 'tripletsDoubleConstant', tripletsFullConstant : 'tripletsFullConstant', tripletsFullDoubleConstant : 'tripletsFullDoubleConstant', longTriplets : 'longTriplets', longTripletsDouble : 'longTripletsDouble', longTripletsFull : 'longTripletsFull', longTripletsFullDouble : 'longTripletsFullDouble', longTripletsConstant : 'longTripletsConstant', longTripletsDoubleConstant : 'longTripletsDoubleConstant', longTripletsFullConstant : 'longTripletsFullConstant', longTripletsFullDoubleConstant : 'longTripletsFullDoubleConstant', none: '' }; const CellDesings = { Special1 : 'Special1', Special2 : 'Special2', Special3 : 'Special3', CELLHelperText : 'CELLHelperText', small1 : 'small1', small2 : 'small2', normal1 : 'normal1', normal2 : 'normal2', normal3 : 'normal3', normal4 : 'normal4', normal5 : 'normal5', normal6 : 'normal6', normal7 : 'normal7', wide1 : 'wide1', wide2 : 'wide2', wide3 : 'wide3', wide4 : 'wide4', wide5 : 'wide5', wide6 : 'wide6', wide7 : 'wide7', wide8 : 'wide8', wide9 : 'wide9', wide10 : 'wide10', wide11 : 'wide11' }; const Paging = { leading : 'leading', centered : 'centered', none : '' }; const Orientation = { horizontal : 'horizontal', vertical : 'vertical' }; function MainPage(request, extra, javascriptConfig, output) { this.request = request; this.extra = extra; this.javascriptConfig = javascriptConfig; this.output = output; } function ModuleRequest(url, method, headers, httpBody) { this.url = url; this.method = method; this.headers = headers; this.httpBody = httpBody; } function Extra(commands, extraInfo) { this.commands = commands; this.extraInfo = extraInfo; } function Commands(commandName, params) { this.commandName = commandName; this.params = params; } function JavascriptConfig(removeJavascript, loadInWebView, javaScript) { this.removeJavascript = removeJavascript; this.loadInWebView = loadInWebView; this.javaScript = javaScript; } function KeyValue(key, value) { this.key = key; this.value = value; } function Output(cellDesing, orientation, defaultLayout, paging, section, layout, data) { this.cellDesing = cellDesing; this.orientation = orientation; this.defaultLayout = defaultLayout; this.paging = paging; this.section = section; this.layout = layout; this.data = data; } function Section(sectionName, separator) { this.sectionName = sectionName; this.separator = separator; } function Layout(insets, visibleCellsWidthS,visibleCellsWidthM,visibleCellsWidthL, visibleCellsHeight, heightForVisibleCells, cellSize, ratio, constant, horizontalSpacing, verticalSpacing) { this.insets = insets; this.visibleCellsWidthS = visibleCellsWidthS; this.visibleCellsWidthM = visibleCellsWidthM; this.visibleCellsWidthL = visibleCellsWidthL; this.visibleCellsHeight = visibleCellsHeight; this.heightForVisibleCells = heightForVisibleCells; this.cellSize = cellSize; this.ratio = ratio; this.constant = constant; this.horizontalSpacing = horizontalSpacing; this.verticalSpacing = verticalSpacing; } function Insets(top, bottom, left, right) { this.top = top; this.bottom = bottom; this.left = left; this.right = right; } function Size(width, height) { this.width = width; this.height = height; } function Ratio(inRelation, number1, number2) { this.inRelation = inRelation; this.number1 = number1; this.number2 = number2; } function Data(image, title, description, field1, field2, field3, field4, isChapter, link,openInWebView) { this.image = image; this.title = title; this.description = description; this.field1 = field1; this.field2 = field2; this.field3 = field3; this.field4 = field4; this.isChapter = isChapter; this.link = link; this.openInWebView = openInWebView; } function quickData(link,image,title,field1,field2) { return new Data(image,title,'unknown',field1,field2,'unknown','unknown',true,link,true); } function shuffle(a) { var j, x, i; for (i = a.length - 1; i > 0; i--) { j = Math.floor(Math.random() * (i + 1)); x = a[i]; a[i] = a[j]; a[j] = x; } return a; } function getBestImage(dataSetArray) { let image = ''; for (data of dataSetArray) { if (data.includes('http')) { image = data; if (data.includes('style=large')) { image = data; } } } return image; } var savedData = document.getElementById('ketsu-final-data'); var parsedJson = JSON.parse(savedData.innerHTML); let output = []; let emptyKeyValue = [new KeyValue('','')]; let days = []; let data = document.querySelector('#content .container'); let daysData = data.querySelectorAll('.column'); for (day of daysData) { if (day.className == 'column') { days.push(day.textContent.trim()); } } let sections = data.getElementsByClassName('chart compact'); for (var x = 0; x < sections.length; x++) { let section = sections[x]; let animes = section.querySelectorAll('.schedule-card'); let dataArray = []; for (anime of animes) { let title = anime.querySelector('.schedule-card__title').textContent.trim(); let image = getBestImage(anime.querySelector('img').getAttribute('srcset').split(' ')); image = new ModuleRequest(image,'get',emptyKeyValue,null); let link = anime.querySelector('a').href; link =  new ModuleRequest('https://www.livechart.me' + link,'get',emptyKeyValue,null); let date = anime.querySelector('time').textContent.trim(); dataArray.push(quickData(link,image,title,date,'')); } output.push(new Output(CellDesings.wide7,Orientation.horizontal,DefaultLayouts.longTriplets,Paging.none,new Section(days[x],true),null,dataArray)); } let MainPageObject = new MainPage(new ModuleRequest('','get',emptyKeyValue,null),new Extra([new Commands('',emptyKeyValue)],emptyKeyValue),new JavascriptConfig(true,false,''),output); var finalJson = JSON.stringify(MainPageObject); savedData.innerHTML = finalJson; "
      },
      "output": [
        {
          "cellDesing": "normal1",
          "orientation": "vertical",
          "defaultLayout": "wide",
          "paging": "",
          "section": {
            "sectionName": "",
            "separator": false
          },
          "layout": {
            "insets": {
              "top": 0,
              "bottom": 0,
              "left": 0,
              "right": 0
            },
            "visibleCellsWidthS": 2,
            "visibleCellsWidthM": 2,
            "visibleCellsWidthL": 2,
            "visibleCellsHeight": 2,
            "heightForVisibleCells": 400,
            "cellSize": {
              "width": 300,
              "height": 300
            },
            "ratio": {
              "inRelation": "width",
              "number1": 1,
              "number2": 2
            },
            "constant": {
              "width": 1,
              "height": 2
            },
            "horizontalSpacing": 0,
            "verticalSpacing": 0
          },
          "data": [
            {
              "image": {
                "url": "",
                "method": "get",
                "headers": [
                  {
                    "key": "",
                    "value": ""
                  }
                ],
                "httpBody": null
              },
              "title": "",
              "description": "",
              "field1": "",
              "field2": "",
              "field3": "",
              "field4": "",
              "openInWebView" : false,
              "isChapter": false,
              "link": {
                "url": "",
                "method": "",
                "headers": [
                  {
                    "key": "",
                    "value": ""
                  }
                ],
                "httpBody": null
              }
            }
          ]
        }
      ]
    }
  ],
  "search": [
    {
      "request": {
        "url": "",
        "method": "get",
        "headers": [
          {
            "key": "",
            "value": ""
          }
        ],
        "httpBody": null
      },
      "separator": "",
      "extra": {
        "commands": [
          {
            "commandName": "",
            "params": [
              {
                "key": "",
                "value": ""
              }
            ]
          }
        ],
        "extraInfo": [
          {
            "key": "",
            "value": ""
          }
        ]
      },
      "javascriptConfig": {
        "removeJavascript": true,
        "loadInWebView": false,
        "javaScript": ""
      },
      "output": [
        {
          "cellDesing": "normal1",
          "orientation": "vertical",
          "defaultLayout": "wide",
          "paging": "",
          "section": {
            "sectionName": "",
            "separator": false
          },
          "layout": {
            "insets": {
              "top": 0,
              "bottom": 0,
              "left": 0,
              "right": 0
            },
            "visibleCellsWidthS": 2,
            "visibleCellsWidthM": 2,
            "visibleCellsWidthL": 2,
            "visibleCellsHeight": 2,
            "heightForVisibleCells": 400,
            "cellSize": {
              "width": 300,
              "height": 300
            },
            "ratio": {
              "inRelation": "width",
              "number1": 1,
              "number2": 2
            },
            "constant": {
              "width": 1,
              "height": 2
            },
            "horizontalSpacing": 0,
            "verticalSpacing": 0
          },
          "data": [
            {
              "image": {
                "url": "",
                "method": "get",
                "headers": [
                  {
                    "key": "",
                    "value": ""
                  }
                ],
                "httpBody": null
              },
              "title": "",
              "description": "",
              "field1": "",
              "field2": "",
              "field3": "",
              "field4": "",
              "openInWebView" : false,
              "isChapter": false,
              "link": {
                "url": "empty",
                "method": "get",
                "headers": [
                  {
                    "key": "key",
                    "value": "value"
                  }
                ],
                "httpBody": null
              }
            }
          ]
        }
      ]
    }
  ],
  "info": [
    {
      "request": {
        "url": "",
        "method": "get",
        "headers": [
          {
            "key": "",
            "value": ""
          }
        ],
        "httpBody": null
      },
      "extra": {
        "commands": [
          {
            "commandName": "",
            "params": [
              {
                "key": "",
                "value": ""
              }
            ]
          }
        ],
        "extraInfo": [
          {
            "key": "",
            "value": ""
          }
        ]
      },
      "javascriptConfig": {
        "removeJavascript": true,
        "loadInWebView": false,
        "javaScript": " "
      },
      "output": {
        "image": {
          "url": "",
          "method": "get",
          "headers": [
            {
              "key": "",
              "value": ""
            }
          ],
          "httpBody": null
        },
        "link": {
          "url": "",
          "method": "get",
          "headers": [
            {
              "key": "",
              "value": ""
            }
          ],
          "httpBody": null
        },
        "title": "",
        "description": "",
        "genres": [
          ""
        ],
        "field1": "",
        "field2": "",
        "field3": "",
        "field4": "",
        "chapters": [
          {
            "chapName": "",
            "openInWebView": false,
            "link": {
              "url": "empty",
              "method": "get",
              "headers": [
                {
                  "key": "key",
                  "value": "value"
                }
              ],
              "httpBody": null
            }
          }
        ]
      }
    }
  ],
  "chapters": [
    {
      "request": {
        "url": "",
        "method": "get",
        "headers": [
          {
            "key": "key",
            "value": "value"
          }
        ],
        "httpBody": null
      },
      "extra": {
        "commands": [
          {
            "commandName": "",
            "params": [
              {
                "key": "",
                "value": ""
              }
            ]
          }
        ],
        "extraInfo": [
          {
            "key": "",
            "value": ""
          }
        ]
      },
      "javascriptConfig": {
        "removeJavascript": true,
        "loadInWebView": false,
        "javaScript": " "
      },
      "output": {
        "videos": {
          "needsResolver": [
            {
              "resolverIdentifier": "",
              "link": {
                "url": "",
                "method": "get",
                "headers": [
                  {
                    "key": "key",
                    "value": "value"
                  }
                ],
                "httpBody": null
              }
            }
          ],
          "rawVideo": [
            {
              "video": [
                {
                  "videoQuality": "",
                  "videoLink": {
                    "url": "http://commondatastorage.googleapis.com/gtv-videos-bucket/sample/BigBuckBunny.mp4",
                    "method": "get",
                    "headers": [
                      {
                        "key": "key",
                        "value": "value"
                      }
                    ],
                    "httpBody": null
                  }
                }
              ]
            }
          ]
        },
        "images": [
          {
            "url": "empty",
            "method": "get",
            "headers": [
              {
                "key": "key",
                "value": "value"
              }
            ],
            "httpBody": null
          }
        ],
        "text": {
          "text": ""
        }
      }
    }
  ],
  "moduleResolvers": [
    {
      "resolverInfo": {
        "resolverName": "",
        "nameMatches": [
          ""
        ],
        "developer": "",
        "moduleID": "",
        "resolverVersion": 1,
        "baseURL": ""
      },
      "resolver": [
        {
          "request": {
            "url": "",
            "method": "get",
            "headers": [
              {
                "key": "key",
                "value": "value"
              }
            ],
            "httpBody": null
          },
          "extra": {
            "commands": [
              {
                "commandName": "",
                "params": [
                  {
                    "key": "",
                    "value": ""
                  }
                ]
              }
            ],
            "extraInfo": [
              {
                "key": "",
                "value": ""
              }
            ]
          },
          "javascriptConfig": {
            "removeJavascript": false,
            "loadInWebView": false,
            "javaScript": ""
          },
          "output": {
            "moduleID": "",
            "video": [
              {
                "videoQuality": "720",
                "videoLink": {
                  "url": "http://commondatastorage.googleapis.com/gtv-videos-bucket/sample/BigBuckBunny.mp4",
                  "method": "get",
                  "headers": [
                    {
                      "key": "key",
                      "value": "value"
                    }
                  ],
                  "httpBody": null
                }
              }
            ]
          }
        }
      ]
    }
  ],
  "responseCodeFunctions": [
    {
      "code": 0,
      "msgTitle": "",
      "msgBody": "",
      "type": "normal",
      "functions": [
        {
          "request": {
            "url": "empty",
            "method": "get",
            "headers": [
              {
                "key": "key",
                "value": "value"
              }
            ],
            "httpBody": null
          },
          "extra": {
            "commands": [
              {
                "commandName": "",
                "params": [
                  {
                    "key": "",
                    "value": ""
                  }
                ]
              }
            ],
            "extraInfo": [
              {
                "key": "",
                "value": ""
              }
            ]
          },
          "javascriptConfig": {
            "removeJavascript": true,
            "loadInWebView": false,
            "javaScript": ""
          }
        }
      ]
    }
  ],
  "helperFunctions": [
    {
      "functionName": "example",
      "msgTitle": "",
      "msgBody": "",
      "type": "normal",
      "functions": [
        {
          "request": {
            "url": "empty",
            "method": "get",
            "headers": [
              {
                "key": "key",
                "value": "value"
              }
            ],
            "httpBody": null
          },
          "extra": {
            "commands": [
              {
                "commandName": "",
                "params": [
                  {
                    "key": "",
                    "value": ""
                  }
                ]
              }
            ],
            "extraInfo": [
              {
                "key": "",
                "value": ""
              }
            ]
          },
          "javascriptConfig": {
            "removeJavascript": true,
            "loadInWebView": false,
            "javaScript": ""
          }
        }
      ]
    }
  ]
}
