{
    "moduleInfo": {
      "moduleName": "MangaNelo",
      "moduleInitials": "",
      "moduleDesc": "This is a module to get data from MangaNelo website enjoy.",
      "developer": "user123",
      "moduleID": "2870348473737712",
      "moduleImage": "https://pbs.twimg.com/profile_images/1252110335659708416/tMEcGeam_400x400.jpg",
      "moduleVersion": 1.5,
      "moduleLenguage": "ENG",
      "moduleType": "Image",
      "baseURL": "https://manganelo.com/",
      "moduleDeveloperSite": "https://mprotmod.github.io/Modules-KETSU/index.html",
      "UpdateSite": "https://raw.githubusercontent.com/mprotmod/Modules-KETSU/main/Module%20Parser%20KETSU/MangaNelo/moduleTemplate.json",
      "preferedServer": "UM",
      "preferedDownloadServer": "UM",
      "blackListed": [
        ""
      ]
    },
    "global": {
      "variables": [
        {
          "key": "",
          "value": ""
        }
      ],
      "cookies": [
        {
          "key": "",
          "value": ""
        }
      ],
      "headers": [
        {
          "key": "",
          "value": ""
        }
      ]
    },
    "mainPage": [
      {
        "request": {
          "url": "https://manganelo.com/",
          "method": "get",
          "headers": [
            {
              "key": "",
              "value": ""
            }
          ],
          "httpBody": null
        },
        "extra": {
          "commands": [
            {
              "commandName": "",
              "params": [
                {
                  "key": "",
                  "value": ""
                }
              ]
            }
          ],
          "extraInfo": [
            {
              "key": "",
              "value": ""
            }
          ]
        },
        "javascriptConfig": {
          "removeJavascript": true,
          "loadInWebView": false,
          "javaScript": " const DefaultLayouts = { ultraWideFull : 'ultraWideFull', ultraWide : 'ultraWide', wideFull : 'wideFull', wide : 'wide', wideStrechedFull : 'wideStrechedFull', wideStrechedFullDouble : 'WideStrechedFullDouble', wideStreched : 'wideStreched', wideStrechedDouble : 'wideStrechedDouble', wideStrechedFullList : 'wideStrechedFullList', wideStrechedList : 'wideStrechedList', doublets : 'doublets', doubletsDouble : 'doubletsDouble', doubletsFull : 'doubletsFull', doubletsFullDouble : 'doubletsFullDouble', doubletsConstant : 'doubletsConstant', doubletsDoubleConstant : 'doubletsDoubleConstant', doubletsFullConstant : 'doubletsFullConstant', doubletsFullDoubleConstant : 'doubletsFullDoubleConstant', longDoublets : 'longDoublets', longDoubletsDouble : 'longDoubletsDouble', longDoubletsFull : 'longDoubletsFull', longDoubletsFullDouble : 'longDoubletsFullDouble', longDoubletsConstant : 'longDoubletsConstant', longDoubletsDoubleConstant : 'longDoubletsDoubleConstant', longDoubletsFullConstant : 'longDoubletsFullConstant', longDoubletsFullDoubleConstant : 'longDoubletsFullDoubleConstant', triplets : 'triplets', tripletsDouble : 'tripletsDouble', tripletsFull : 'tripletsFull', tripletsFullDouble : 'tripletsFullDouble', tripletsConstant : 'tripletsConstant', tripletsDoubleConstant : 'tripletsDoubleConstant', tripletsFullConstant : 'tripletsFullConstant', tripletsFullDoubleConstant : 'tripletsFullDoubleConstant', longTriplets : 'longTriplets', longTripletsDouble : 'longTripletsDouble', longTripletsFull : 'longTripletsFull', longTripletsFullDouble : 'longTripletsFullDouble', longTripletsConstant : 'longTripletsConstant', longTripletsDoubleConstant : 'longTripletsDoubleConstant', longTripletsFullConstant : 'longTripletsFullConstant', longTripletsFullDoubleConstant : 'longTripletsFullDoubleConstant', none: '' }; const CellDesings = { Special1 : 'Special1', Special2 : 'Special2', Special3 : 'Special3', small1 : 'small1', small2 : 'small2', normal1 : 'normal1', normal2 : 'normal2', normal3 : 'normal3', normal4 : 'normal4', normal5 : 'normal5', normal6 : 'normal6', normal7 : 'normal7', wide1 : 'wide1', wide2 : 'wide2', wide3 : 'wide3', wide4 : 'wide4', wide5 : 'wide5', wide6 : 'wide6', wide7 : 'wide7', wide8 : 'wide8', wide9 : 'wide9', wide10 : 'wide10', wide11 : 'wide11' }; const Paging = { leading : 'leading', centered : 'centered', none : '' }; const Orientation = { horizontal : 'horizontal', vertical : 'vertical' }; function MainPage(request, extra, javascriptConfig, output) { this.request = request; this.extra = extra; this.javascriptConfig = javascriptConfig; this.output = output; } function ModuleRequest(url, method, headers, httpBody) { this.url = url; this.method = method; this.headers = headers; this.httpBody = httpBody; } function Extra(commands, extraInfo) { this.commands = commands; this.extraInfo = extraInfo; } function Commands(commandName, params) { this.commandName = commandName; this.params = params; } function JavascriptConfig(removeJavascript, loadInWebView, javaScript) { this.removeJavascript = removeJavascript; this.loadInWebView = loadInWebView; this.javaScript = javaScript; } function KeyValue(key, value) { this.key = key; this.value = value; } function Output(cellDesing, orientation, defaultLayout, paging, section, layout, data) { this.cellDesing = cellDesing; this.orientation = orientation; this.defaultLayout = defaultLayout; this.paging = paging; this.section = section; this.layout = layout; this.data = data; } function Section(sectionName, separator) { this.sectionName = sectionName; this.separator = separator; } function Layout(insets, visibleCellsWidthS,visibleCellsWidthM,visibleCellsWidthL, visibleCellsHeight, heightForVisibleCells, cellSize, ratio, constant, horizontalSpacing, verticalSpacing) { this.insets = insets; this.visibleCellsWidthS = visibleCellsWidthS; this.visibleCellsWidthM = visibleCellsWidthM; this.visibleCellsWidthL = visibleCellsWidthL; this.visibleCellsHeight = visibleCellsHeight; this.heightForVisibleCells = heightForVisibleCells; this.cellSize = cellSize; this.ratio = ratio; this.constant = constant; this.horizontalSpacing = horizontalSpacing; this.verticalSpacing = verticalSpacing; } function Insets(top, bottom, left, right) { this.top = top; this.bottom = bottom; this.left = left; this.right = right; } function Size(width, height) { this.width = width; this.height = height; } function Ratio(inRelation, number1, number2) { this.inRelation = inRelation; this.number1 = number1; this.number2 = number2; } function Data(image, title, description, field1, field2, field3, field4, isChapter, link) { this.image = image; this.title = title; this.description = description; this.field1 = field1; this.field2 = field2; this.field3 = field3; this.field4 = field4; this.isChapter = isChapter; this.link = link; } function quickData(link,image,title,field1) { return new Data(image,title,'unknown',field1,'unknown','unknown','unknown',false,link); } function shuffle(a) { var j, x, i; for (i = a.length - 1; i > 0; i--) { j = Math.floor(Math.random() * (i + 1)); x = a[i]; a[i] = a[j]; a[j] = x; } return a; } var savedData = document.getElementById('ketsu-final-data'); var parsedJson = JSON.parse(savedData.innerHTML); let output = []; let emptyKeyValue = [new KeyValue('','')]; var dataArray = []; var dataArray2 = []; var topList = document.querySelector('#owl-slider').querySelectorAll('.item'); for (var x = 0;x < topList.length; x++) { let list = topList[x]; let title = list.querySelector('h3').innerText; var link = list.querySelector('a').href; link = new ModuleRequest(link,'get',emptyKeyValue,null); var image = list.querySelector('img').src; var ep = document.querySelectorAll('a'); if (ep.length > 1) { ep = ep[1].innerText; } image = new ModuleRequest(image,'get',emptyKeyValue,null); var finalData = quickData(link,image,title,title,ep); dataArray.push(finalData); if (parsedJson.request.url.includes('page')) { output[0].data.push(finalData); } finalData = quickData(link,image,title,ep,'Unknown'); dataArray2.push(finalData); if (parsedJson.request.url.includes('page')) { output[1].data.push(finalData); } } var topLayout = new Layout(new Insets(0, 0, 0, 0), 1, 2, 3, 1, 500, new Size(400, 400), new Ratio('width', 1, 1), new Size(0, 0), 0, 0); output.push(new Output(CellDesings.Special3,Orientation.horizontal,DefaultLayouts.none,Paging.centered,new Section('',false),topLayout,shuffle(dataArray.slice()))); output.push(new Output(CellDesings.Special1,Orientation.horizontal,DefaultLayouts.triplets,Paging.leading,new Section('Top Week',true),null,dataArray2)); dataArray = []; var topList = document.querySelector('.panel-content-homepage').querySelectorAll('.content-homepage-item'); for (var x = 0;x < topList.length; x++) { try { let list = topList[x]; let title = list.querySelector('a').title; var link = list.querySelector('a').href; link = new ModuleRequest(link,'get',emptyKeyValue,null); var image = list.querySelector('img').src; var ep = list.querySelector('.item-rate').textContent.trim() + ' ✭'; image = new ModuleRequest(image,'get',emptyKeyValue,null); var finalData = quickData(link,image,title,ep,ep); dataArray.push(finalData); } catch {} } output.push(new Output(CellDesings.normal3,Orientation.horizontal,DefaultLayouts.longTripletsDouble,Paging.leading,new Section('Last Updates',true),null,dataArray)); dataArray = []; var topList = document.querySelectorAll('.panel-topview-item'); for (var x = 0;x < topList.length; x++) { let list = topList[x]; let title = list.querySelector('a').innerText.trim(); var link = list.querySelector('a').href; link = new ModuleRequest(link,'get',emptyKeyValue,null); var image = link.url.split('/'); image = 'https://manganelo.tv/mangaimage/' + image[image.length - 1] + '.jpg'; image = new ModuleRequest(image,'get',emptyKeyValue,null); var finalData = quickData(link,image,title.split(' - ')[0],title.split(' - ')[1],'Unknown'); dataArray.push(finalData); } output.push(new Output(CellDesings.wide5, Orientation.horizontal, DefaultLayouts.wideFull, Paging.leading, new Section('Top', true), null, dataArray)); dataArray = []; var topList = document.querySelector('.panel-newest-content').querySelectorAll('a'); for (var x = 0;x < topList.length; x++) { let list = topList[x]; let title = list.querySelector('img').alt; var link = list.href; link = new ModuleRequest(link,'get',emptyKeyValue,null); var image = list.querySelector('img').src; image = new ModuleRequest(image,'get',emptyKeyValue,null); var finalData = quickData(link,image,title,'Unknown','Unknown'); dataArray.push(finalData); } output.push(new Output(CellDesings.normal4,Orientation.horizontal,DefaultLayouts.longDoubletsFull,Paging.leading,new Section('New',true),null,dataArray)); let MainPageObject = new MainPage(new ModuleRequest('https://manganelo.tv/genre?type=topview','get',emptyKeyValue,null),new Extra([new Commands('',emptyKeyValue)],emptyKeyValue),new JavascriptConfig(true,false,''),output); var finalJson = JSON.stringify(MainPageObject); savedData.innerHTML = finalJson; "
        },
        "output": [
          {
            "cellDesing": "normal1",
            "orientation": "vertical",
            "defaultLayout": "wide",
            "paging": "",
            "section": {
              "sectionName": "",
              "separator": false
            },
            "layout": {
              "insets": {
                "top": 0,
                "bottom": 0,
                "left": 0,
                "right": 0
              },
              "visibleCellsWidthS": 2,
              "visibleCellsWidthM": 2,
              "visibleCellsWidthL": 2,
              "visibleCellsHeight": 2,
              "heightForVisibleCells": 400,
              "cellSize": {
                "width": 300,
                "height": 300
              },
              "ratio": {
                "inRelation": "width",
                "number1": 1,
                "number2": 2
              },
              "constant": {
                "width": 1,
                "height": 2
              },
              "horizontalSpacing": 0,
              "verticalSpacing": 0
            },
            "data": [
              {
                "image": {
                  "url": "https://jkanime.net/",
                  "method": "get",
                  "headers": [
                    {
                      "key": "",
                      "value": ""
                    }
                  ],
                  "httpBody": null
                },
                "title": "",
                "description": "",
                "field1": "",
                "field2": "",
                "field3": "",
                "field4": "",
                "moduleID": "2384029348",
                "isChapter": false,
                "link": {
                  "url": "empty",
                  "method": "get",
                  "headers": [
                    {
                      "key": "key",
                      "value": "value"
                    }
                  ],
                  "httpBody": null
                }
              }
            ]
          }
        ]
      },
      {
        "request": {
          "url": "https://manganelo.com/",
          "method": "get",
          "headers": [
            {
              "key": "",
              "value": ""
            }
          ],
          "httpBody": null
        },
        "extra": {
          "commands": [
            {
              "commandName": "",
              "params": [
                {
                  "key": "",
                  "value": ""
                }
              ]
            }
          ],
          "extraInfo": [
            {
              "key": "",
              "value": ""
            }
          ]
        },
        "javascriptConfig": {
          "removeJavascript": true,
          "loadInWebView": false,
          "javaScript": " const DefaultLayouts = { ultraWideFull : 'ultraWideFull', ultraWide : 'ultraWide', wideFull : 'wideFull', wide : 'wide', wideStrechedFull : 'wideStrechedFull', wideStrechedFullDouble : 'WideStrechedFullDouble', wideStreched : 'wideStreched', wideStrechedDouble : 'wideStrechedDouble', wideStrechedFullList : 'wideStrechedFullList', wideStrechedList : 'wideStrechedList', doublets : 'doublets', doubletsDouble : 'doubletsDouble', doubletsFull : 'doubletsFull', doubletsFullDouble : 'doubletsFullDouble', doubletsConstant : 'doubletsConstant', doubletsDoubleConstant : 'doubletsDoubleConstant', doubletsFullConstant : 'doubletsFullConstant', doubletsFullDoubleConstant : 'doubletsFullDoubleConstant', longDoublets : 'longDoublets', longDoubletsDouble : 'longDoubletsDouble', longDoubletsFull : 'longDoubletsFull', longDoubletsFullDouble : 'longDoubletsFullDouble', longDoubletsConstant : 'longDoubletsConstant', longDoubletsDoubleConstant : 'longDoubletsDoubleConstant', longDoubletsFullConstant : 'longDoubletsFullConstant', longDoubletsFullDoubleConstant : 'longDoubletsFullDoubleConstant', triplets : 'triplets', tripletsDouble : 'tripletsDouble', tripletsFull : 'tripletsFull', tripletsFullDouble : 'tripletsFullDouble', tripletsConstant : 'tripletsConstant', tripletsDoubleConstant : 'tripletsDoubleConstant', tripletsFullConstant : 'tripletsFullConstant', tripletsFullDoubleConstant : 'tripletsFullDoubleConstant', longTriplets : 'longTriplets', longTripletsDouble : 'longTripletsDouble', longTripletsFull : 'longTripletsFull', longTripletsFullDouble : 'longTripletsFullDouble', longTripletsConstant : 'longTripletsConstant', longTripletsDoubleConstant : 'longTripletsDoubleConstant', longTripletsFullConstant : 'longTripletsFullConstant', longTripletsFullDoubleConstant : 'longTripletsFullDoubleConstant', none: '' }; const CellDesings = { Special1 : 'Special1', Special2 : 'Special2', Special3 : 'Special3', small1 : 'small1', small2 : 'small2', normal1 : 'normal1', normal2 : 'normal2', normal3 : 'normal3', normal4 : 'normal4', normal5 : 'normal5', normal6 : 'normal6', normal7 : 'normal7', wide1 : 'wide1', wide2 : 'wide2', wide3 : 'wide3', wide4 : 'wide4', wide5 : 'wide5', wide6 : 'wide6', wide7 : 'wide7', wide8 : 'wide8', wide9 : 'wide9', wide10 : 'wide10', wide11 : 'wide11' }; const Paging = { leading : 'leading', centered : 'centered', none : '' }; const Orientation = { horizontal : 'horizontal', vertical : 'vertical' }; function MainPage(request, extra, javascriptConfig, output) { this.request = request; this.extra = extra; this.javascriptConfig = javascriptConfig; this.output = output; } function ModuleRequest(url, method, headers, httpBody) { this.url = url; this.method = method; this.headers = headers; this.httpBody = httpBody; } function Extra(commands, extraInfo) { this.commands = commands; this.extraInfo = extraInfo; } function Commands(commandName, params) { this.commandName = commandName; this.params = params; } function JavascriptConfig(removeJavascript, loadInWebView, javaScript) { this.removeJavascript = removeJavascript; this.loadInWebView = loadInWebView; this.javaScript = javaScript; } function KeyValue(key, value) { this.key = key; this.value = value; } function Output(cellDesing, orientation, defaultLayout, paging, section, layout, data) { this.cellDesing = cellDesing; this.orientation = orientation; this.defaultLayout = defaultLayout; this.paging = paging; this.section = section; this.layout = layout; this.data = data; } function Section(sectionName, separator) { this.sectionName = sectionName; this.separator = separator; } function Layout(insets, visibleCellsWidthS,visibleCellsWidthM,visibleCellsWidthL, visibleCellsHeight, heightForVisibleCells, cellSize, ratio, constant, horizontalSpacing, verticalSpacing) { this.insets = insets; this.visibleCellsWidthS = visibleCellsWidthS; this.visibleCellsWidthM = visibleCellsWidthM; this.visibleCellsWidthL = visibleCellsWidthL; this.visibleCellsHeight = visibleCellsHeight; this.heightForVisibleCells = heightForVisibleCells; this.cellSize = cellSize; this.ratio = ratio; this.constant = constant; this.horizontalSpacing = horizontalSpacing; this.verticalSpacing = verticalSpacing; } function Insets(top, bottom, left, right) { this.top = top; this.bottom = bottom; this.left = left; this.right = right; } function Size(width, height) { this.width = width; this.height = height; } function Ratio(inRelation, number1, number2) { this.inRelation = inRelation; this.number1 = number1; this.number2 = number2; } function Data(image, title, description, field1, field2, field3, field4, isChapter, link) { this.image = image; this.title = title; this.description = description; this.field1 = field1; this.field2 = field2; this.field3 = field3; this.field4 = field4; this.isChapter = isChapter; this.link = link; } function quickData(link,image,title,field1) { return new Data(image,title,'unknown',field1,'unknown','unknown','unknown',false,link); } function shuffle(a) { var j, x, i; for (i = a.length - 1; i > 0; i--) { j = Math.floor(Math.random() * (i + 1)); x = a[i]; a[i] = a[j]; a[j] = x; } return a; } var savedData = document.getElementById('ketsu-final-data'); var parsedJson = JSON.parse(savedData.innerHTML); let output = parsedJson.output; let emptyKeyValue = [new KeyValue('','')]; var dataArray = []; var topList = document.querySelector('.panel-content-genres').querySelectorAll('.content-genres-item'); for (var x = 0;x < topList.length; x++) { let list = topList[x]; let title = list.querySelector('img').alt; var link = list.querySelector('a').href; link = new ModuleRequest(link,'get',emptyKeyValue,null); var image = 'https://manganelo.tv' + list.querySelector('img').src; var chap = list.querySelector('.genres-item-chap').innerHTML; image = new ModuleRequest(image,'get',emptyKeyValue,null); var finalData = new Data(image,title,chap,'jdsdflk','unknown','unknown','unknown',false,link); dataArray.push(finalData); } var testLayout = new Layout(new Insets(10,10,10,10),1,2,3,1,500,new Size(400,400),new Ratio('width',4,11),new Size(0,0),10,10);output.push(new Output(CellDesings.wide8, Orientation.vertical, DefaultLayouts.none, Paging.none, new Section('Hot' , false), testLayout, dataArray)); let MainPageObject = new MainPage(new ModuleRequest('','get',emptyKeyValue,null),new Extra([new Commands('',emptyKeyValue)],emptyKeyValue),new JavascriptConfig(false,false,''),output); var finalJson = JSON.stringify(MainPageObject); savedData.innerHTML = finalJson;"
        },
        "output": [
          {
            "cellDesing": "normal1",
            "orientation": "vertical",
            "defaultLayout": "wide",
            "paging": "",
            "section": {
              "sectionName": "",
              "separator": false
            },
            "layout": {
              "insets": {
                "top": 0,
                "bottom": 0,
                "left": 0,
                "right": 0
              },
              "visibleCellsWidthS": 2,
              "visibleCellsWidthM": 2,
              "visibleCellsWidthL": 2,
              "visibleCellsHeight": 2,
              "heightForVisibleCells": 400,
              "cellSize": {
                "width": 300,
                "height": 300
              },
              "ratio": {
                "inRelation": "width",
                "number1": 1,
                "number2": 2
              },
              "constant": {
                "width": 1,
                "height": 2
              },
              "horizontalSpacing": 0,
              "verticalSpacing": 0
            },
            "data": [
              {
                "image": {
                  "url": "https://jkanime.net/",
                  "method": "get",
                  "headers": [
                    {
                      "key": "",
                      "value": ""
                    }
                  ],
                  "httpBody": null
                },
                "title": "",
                "description": "",
                "field1": "",
                "field2": "",
                "field3": "",
                "field4": "",
                "moduleID": "2384029348",
                "isChapter": false,
                "link": {
                  "url": "empty",
                  "method": "get",
                  "headers": [
                    {
                      "key": "key",
                      "value": "value"
                    }
                  ],
                  "httpBody": null
                }
              }
            ]
          }
        ]
      }
    ],
    "search": [
      {
        "request": {
          "url": "https://m.manganelo.com/search/story/<searched>?page=<page>",
          "method": "get",
          "headers": [
            {
              "key": "key",
              "value": "value"
            }
          ],
          "httpBody": null
        },
        "separator": "_",
        "extra": {
          "commands": [
            {
              "commandName": "",
              "params": [
                {
                  "key": "",
                  "value": ""
                }
              ]
            }
          ],
          "extraInfo": [
            {
              "key": "",
              "value": ""
            }
          ]
        },
        "javascriptConfig": {
          "removeJavascript": true,
          "loadInWebView": false,
          "javaScript": "const DefaultLayouts = { ultraWideFull : 'ultraWideFull', ultraWide : 'ultraWide', wideFull : 'wideFull', wide : 'wide', wideStrechedFull : 'wideStrechedFull', wideStrechedFullDouble : 'WideStrechedFullDouble', wideStreched : 'wideStreched', wideStrechedDouble : 'wideStrechedDouble', wideStrechedFullList : 'wideStrechedFullList', wideStrechedList : 'wideStrechedList', doublets : 'doublets', doubletsDouble : 'doubletsDouble', doubletsFull : 'doubletsFull', doubletsFullDouble : 'doubletsFullDouble', doubletsConstant : 'doubletsConstant', doubletsDoubleConstant : 'doubletsDoubleConstant', doubletsFullConstant : 'doubletsFullConstant', doubletsFullDoubleConstant : 'doubletsFullDoubleConstant', longDoublets : 'longDoublets', longDoubletsDouble : 'longDoubletsDouble', longDoubletsFull : 'longDoubletsFull', longDoubletsFullDouble : 'longDoubletsFullDouble', longDoubletsConstant : 'longDoubletsConstant', longDoubletsDoubleConstant : 'longDoubletsDoubleConstant', longDoubletsFullConstant : 'longDoubletsFullConstant', longDoubletsFullDoubleConstant : 'longDoubletsFullDoubleConstant', triplets : 'triplets', tripletsDouble : 'tripletsDouble', tripletsFull : 'tripletsFull', tripletsFullDouble : 'tripletsFullDouble', tripletsConstant : 'tripletsConstant', tripletsDoubleConstant : 'tripletsDoubleConstant', tripletsFullConstant : 'tripletsFullConstant', tripletsFullDoubleConstant : 'tripletsFullDoubleConstant', longTriplets : 'longTriplets', longTripletsDouble : 'longTripletsDouble', longTripletsFull : 'longTripletsFull', longTripletsFullDouble : 'longTripletsFullDouble', longTripletsConstant : 'longTripletsConstant', longTripletsDoubleConstant : 'longTripletsDoubleConstant', longTripletsFullConstant : 'longTripletsFullConstant', longTripletsFullDoubleConstant : 'longTripletsFullDoubleConstant', none: '' }; const CellDesings = { Special1 : 'Special1', Special2 : 'Special2', Special3 : 'Special3', small1 : 'small1', small2 : 'small2', normal1 : 'normal1', normal2 : 'normal2', normal3 : 'normal3', normal4 : 'normal4', normal5 : 'normal5', normal6 : 'normal6', normal7 : 'normal7', wide1 : 'wide1', wide2 : 'wide2', wide3 : 'wide3', wide4 : 'wide4', wide5 : 'wide5', wide6 : 'wide6', wide7 : 'wide7', wide8 : 'wide8', wide9 : 'wide9', wide10 : 'wide10', wide11 : 'wide11' }; const Paging = { leading : 'leading', centered : 'centered', none : '' }; const Orientation = { horizontal : 'horizontal', vertical : 'vertical' }; function Search(request,extra,separator,javascriptConfig,output) { this.request = request; this.extra = extra; this.separator = separator; this.javascriptConfig = javascriptConfig; this.output = output; } function ModuleRequest(url,method,headers,httpBody) { this.url = url; this.method = method; this.headers = headers; this.httpBody = httpBody; } function Extra(commands,extraInfo) { this.commands = commands; this.extraInfo = extraInfo; } function Commands(commandName,params) { this.commandName = commandName; this.params = params; } function JavascriptConfig(removeJavascript,loadInWebView,javaScript) { this.removeJavascript = removeJavascript; this.loadInWebView = loadInWebView; this.javaScript = javaScript; } function KeyValue(key,value) { this.key = key; this.value = value; } function Output(cellDesing,orientation,defaultLayout,paging,section,layout,data) { this.cellDesing = cellDesing; this.orientation = orientation; this.defaultLayout = defaultLayout; this.paging = paging; this.section = section; this.layout = layout; this.data = data; } function Section(sectionName,separator) { this.sectionName = sectionName; this.separator = separator; } function Layout(insets, visibleCellsWidthS,visibleCellsWidthM,visibleCellsWidthL, visibleCellsHeight, heightForVisibleCells, cellSize, ratio, constant, horizontalSpacing, verticalSpacing) { this.insets = insets; this.visibleCellsWidthS = visibleCellsWidthS; this.visibleCellsWidthM = visibleCellsWidthM; this.visibleCellsWidthL = visibleCellsWidthL; this.visibleCellsHeight = visibleCellsHeight; this.heightForVisibleCells = heightForVisibleCells; this.cellSize = cellSize; this.ratio = ratio; this.constant = constant; this.horizontalSpacing = horizontalSpacing; this.verticalSpacing = verticalSpacing; } function Insets(top,bottom,left,right) { this.top = top; this.bottom = bottom; this.left = left; this.right = right; } function Size(width,height) { this.width = width; this.height = height; } function Ratio(inRelation,number1,number2) { this.inRelation = inRelation; this.number1 = number1; this.number2 = number2; } function Data(image,title,description,field1,field2,field3,field4,isChapter,link) { this.image = image; this.title = title; this.description = description; this.field1 = field1; this.field2 = field2; this.field3 = field3; this.field4 = field4; this.isChapter = isChapter; this.link = link; }function quickData(link,image,title,field1) { return new Data(image,title,'unknown',field1,'unknown','unknown','unknown',false,link); } function shuffle(a) { var j, x, i; for (i = a.length - 1; i > 0; i--) { j = Math.floor(Math.random() * (i + 1)); x = a[i]; a[i] = a[j]; a[j] = x; } return a; } var savedData = document.getElementById('ketsu-final-data'); var parsedJson = JSON.parse(savedData.innerHTML); let output = []; let emptyKeyValue = [new KeyValue('','')]; var dataArray = []; var topList = document.querySelector('.panel-search-story').querySelectorAll('.search-story-item'); for (var x = 0;x < topList.length; x++) { let list = topList[x]; let title = list.querySelector('a').title; var link = list.querySelector('a').href; link = new ModuleRequest(link,'get',emptyKeyValue,null); var image = list.querySelector('img').src;image = new ModuleRequest(image,'get',emptyKeyValue,null); var ep = list.querySelector('.item-chapter').innerHTML.trim(); var test = list.querySelector('.item-time').innerHTML.trim(); var finalData = new Data(image,title,ep,test,'unknown','unknown','unknown',false,link); dataArray.push(finalData); } var testLayout = new Layout(new Insets(10,10,10,10),1,2,3,1,500,new Size(400,400),new Ratio('width',4,11),new Size(0,0),10,10); output.push(new Output(CellDesings.wide11,Orientation.vertical,DefaultLayouts.none,Paging.none,new Section('',false),testLayout,dataArray));; let searchPageObject = new Search(new ModuleRequest('','',emptyKeyValue,null),new Extra([new Commands('',emptyKeyValue)],emptyKeyValue),'',new JavascriptConfig(false,false,''),output); var finalJson = JSON.stringify(searchPageObject); savedData.innerHTML = finalJson;"
        },
        "output": [
          {
            "cellDesing": "normal1",
            "orientation": "vertical",
            "defaultLayout": "wide",
            "paging": "",
            "section": {
              "sectionName": "",
              "separator": false
            },
            "layout": {
              "insets": {
                "top": 0,
                "bottom": 0,
                "left": 0,
                "right": 0
              },
              "visibleCellsWidthS": 2,
              "visibleCellsWidthM": 2,
              "visibleCellsWidthL": 2,
              "visibleCellsHeight": 2,
              "heightForVisibleCells": 400,
              "cellSize": {
                "width": 300,
                "height": 300
              },
              "ratio": {
                "inRelation": "width",
                "number1": 1,
                "number2": 2
              },
              "constant": {
                "width": 1,
                "height": 2
              },
              "horizontalSpacing": 0,
              "verticalSpacing": 0
            },
            "data": [
              {
                "image": {
                  "url": "https://jkanime.net/",
                  "method": "get",
                  "headers": [
                    {
                      "key": "",
                      "value": ""
                    }
                  ],
                  "httpBody": null
                },
                "title": "",
                "description": "",
                "field1": "",
                "field2": "",
                "field3": "",
                "field4": "",
                "moduleID": "2384029348",
                "isChapter": false,
                "link": {
                  "url": "empty",
                  "method": "get",
                  "headers": [
                    {
                      "key": "key",
                      "value": "value"
                    }
                  ],
                  "httpBody": null
                }
              }
            ]
          }
        ]
      }
    ],
    "info": [
      {
        "request": {
          "url": "empty",
          "method": "get",
          "headers": [
            {
              "key": "key",
              "value": "value"
            }
          ],
          "httpBody": null
        },
        "extra": {
          "commands": [
            {
              "commandName": "",
              "params": [
                {
                  "key": "",
                  "value": ""
                }
              ]
            }
          ],
          "extraInfo": [
            {
              "key": "",
              "value": ""
            }
          ]
        },
        "javascriptConfig": {
          "removeJavascript": true,
          "loadInWebView": false,
          "javaScript": "function Info(request, extra, javascriptConfig, output) { this.request = request; this.extra = extra; this.javascriptConfig = javascriptConfig; this.output = output;}function ModuleRequest(url, method, headers, httpBody) { this.url = url; this.method = method; this.headers = headers; this.httpBody = httpBody;}function Extra(commands, extraInfo) { this.commands = commands; this.extraInfo = extraInfo;}function Commands(commandName, params) { this.commandName = commandName; this.params = params;}function JavascriptConfig(removeJavascript, loadInWebView, javaScript) { this.removeJavascript = removeJavascript; this.loadInWebView = loadInWebView; this.javaScript = javaScript;}function KeyValue(key, value) { this.key = key; this.value = value;}function Chapter(chapName, link,openInWebView) { this.chapName = chapName; this.link = link; this.openInWebView = openInWebView;}function Output(image, title, link, description, genres, field1, field2, field3, field4, chapters) { this.image = image; this.link = link; this.title = title; this.description = description; this.genres = genres; this.field1 = field1; this.field2 = field2; this.field3 = field3; this.field4 = field4; this.chapters = chapters;}function getStuff(array,match) { for (var x = 0 ; x< array.length;x++) { let data = array[x].innerText; if (data.includes(match)) { return data.replace(match,'').trim(); } } }function getHtmlStuff(array,match) { for (var x = 0 ; x< array.length;x++) { let data = array[x].innerText; if (data.includes(match)) { return array[x]; } }}var savedData = document.getElementById('ketsu-final-data');var parsedJson = JSON.parse(savedData.innerHTML);let emptyKeyValue = [new KeyValue('', '')];var chapters = [];var type = 'Unknown';var status = '';var genres = [];var desc = '';var image = '';var title = '';image = document.querySelector('.info-image').querySelector('img').src;image = new ModuleRequest(image,'get',emptyKeyValue,null);var data = document.querySelector('.variations-tableInfo').querySelectorAll('tr');title = document.querySelector('.story-info-right').querySelector('h1').innerHTML;for (var x = 0; x < data.length; x++) { var content = data[x].innerHTML; if (content.includes('Genres :')) { var genArray = data[x].querySelectorAll('a'); if (genArray == null || genArray.length == 0) { genres.push(''); break; } for (var y = 0; y < genArray.length; y++) { genres.push(genArray[y].innerHTML); } } else if (content.includes('Status :')) { status = data[x].querySelector('.table-value').innerText; }}try { desc = document.querySelector('.panel-story-info-description').innerHTML.replace('Description :', '').trim();} catch {}try { if (desc = '' || desc == false) { desc = document.querySelector('.panel-story-info-depion').innerHTML.replace('Depion :', '').trim(); }} catch {} var chaptersArray = document.querySelector('.row-content-chapter').querySelectorAll('li'); for (var x = 0; x < chaptersArray.length; x++) { var chapLink = chaptersArray[x].querySelector('a'); let chapter = new Chapter(chapLink.textContent.replace('Chapter ', 'Ch.').replace('Vol', 'V'), new ModuleRequest(chapLink.href, 'get', emptyKeyValue, null),false); chapters.push(chapter); } chapters.reverse();let infoPageObject = new Info(new ModuleRequest('', '', emptyKeyValue, null), new Extra([new Commands('', emptyKeyValue)], emptyKeyValue), new JavascriptConfig(false, false, ''), new Output(image, title, parsedJson.request, desc, genres, status, 'Manga', type, 'Eps: ' + chapters.length, chapters));var finalJson = JSON.stringify(infoPageObject);savedData.innerHTML = finalJson;"
        },
        "output": {
          "image": {
            "url": "https://jkanime.net/",
            "method": "get",
            "headers": [
              {
                "key": "",
                "value": ""
              }
            ],
            "httpBody": null
          },
          "link": {
            "url": "https://jkanime.net/",
            "method": "get",
            "headers": [
              {
                "key": "",
                "value": ""
              }
            ],
            "httpBody": null
          },
          "title": "",
          "description": "",
          "moduleID": "234234823",
          "genres": [
            ""
          ],
          "field1": "",
          "field2": "",
          "field3": "",
          "field4": "",
          "chapters": [
            {
              "chapName": "",
              "openInWebView": false,
              "link": {
                "url": "empty",
                "method": "get",
                "headers": [
                  {
                    "key": "key",
                    "value": "value"
                  }
                ],
                "httpBody": null
              }
            }
          ]
        }
      }
    ],
    "chapters": [
      {
        "request": {
          "url": "empty",
          "method": "get",
          "headers": [
            {
              "key": "key",
              "value": "value"
            }
          ],
          "httpBody": null
        },
        "extra": {
          "commands": [
            {
              "commandName": "",
              "params": [
                {
                  "key": "",
                  "value": ""
                }
              ]
            }
          ],
          "extraInfo": [
            {
              "key": "",
              "value": ""
            }
          ]
        },
        "javascriptConfig": {
          "removeJavascript": true,
          "loadInWebView": false,
          "javaScript": " function Chapters(request, extra, javascriptConfig, output) { this.request = request; this.extra = extra; this.javascriptConfig = javascriptConfig; this.output = output; } function ModuleRequest(url, method, headers, httpBody) { this.url = url; this.method = method; this.headers = headers; this.httpBody = httpBody; } function Extra(commands, extraInfo) { this.commands = commands; this.extraInfo = extraInfo; } function Commands(commandName, params) { this.commandName = commandName; this.params = params; } function JavascriptConfig(removeJavascript, loadInWebView, javaScript) { this.removeJavascript = removeJavascript; this.loadInWebView = loadInWebView; this.javaScript = javaScript; } function KeyValue(key, value) { this.key = key; this.value = value; } function Output( videos, images, text) { this.videos = videos; this.images = images; this.text = text; } function Videos(needsResolver, rawVideo) { this.needsResolver = needsResolver; this.rawVideo = rawVideo; } function NeedsResolver(resolverIdentifier, link) { this.resolverIdentifier = resolverIdentifier; this.link = link; } function RawVideo(video) { this.video = video; } function Video(videoQuality, videoLink) { this.videoQuality = videoQuality; this.videoLink = videoLink; } function Text(text) { this.text = text; } var output = []; var savedData = document.getElementById('ketsu-final-data'); var parsedJson = JSON.parse(savedData.innerHTML); var emptyKeyValue = [new KeyValue('Referer', parsedJson.request.url)]; let imgs = document.querySelector('.container-chapter-reader').querySelectorAll('img'); for (var x = 0; x < imgs.length; x++) { let img = imgs[x].src; let image = new ModuleRequest(img,'get',emptyKeyValue,null); output.push(image); } let emptyExtra = new Extra([new Commands('', emptyKeyValue)], emptyKeyValue); var chaptersObject = new Chapters(new ModuleRequest('', '', emptyKeyValue, null), emptyExtra, new JavascriptConfig(false, false, ''), new Output(null, output, null)); var finalJson = JSON.stringify(chaptersObject); savedData.innerHTML = finalJson;"
        },
        "output": {
          "moduleID": "234234823",
          "videos": {
            "needsResolver": [
              {
                "resolverIdentifier": "",
                "link": {
                  "url": "https://jkanime.net/",
                  "method": "get",
                  "headers": [
                    {
                      "key": "key",
                      "value": "value"
                    }
                  ],
                  "httpBody": null
                }
              }
            ],
            "rawVideo": [
              {
                "video": [
                  {
                    "videoQuality": "720",
                    "videoLink": {
                      "url": "http://commondatastorage.googleapis.com/gtv-videos-bucket/sample/BigBuckBunny.mp4",
                      "method": "get",
                      "headers": [
                        {
                          "key": "key",
                          "value": "value"
                        }
                      ],
                      "httpBody": null
                    }
                  }
                ]
              }
            ]
          },
          "images": [
            {
              "url": "empty",
              "method": "get",
              "headers": [
                {
                  "key": "key",
                  "value": "value"
                }
              ],
              "httpBody": null
            }
          ],
          "text": {
            "text": ""
          }
        }
      }
    ],
    "moduleResolvers": [
      {
        "resolverInfo": {
          "resolverName": "",
          "nameMatches": [
            ""
          ],
          "developer": "",
          "moduleID": "",
          "resolverVersion": 1,
          "baseURL": ""
        },
        "resolver": [
          {
            "request": {
              "url": "empty",
              "method": "get",
              "headers": [
                {
                  "key": "key",
                  "value": "value"
                }
              ],
              "httpBody": null
            },
            "extra": {
              "commands": [
                {
                  "commandName": "",
                  "params": [
                    {
                      "key": "",
                      "value": ""
                    }
                  ]
                }
              ],
              "extraInfo": [
                {
                  "key": "",
                  "value": ""
                }
              ]
            },
            "javascriptConfig": {
              "removeJavascript": false,
              "loadInWebView": false,
              "javaScript": ""
            },
            "output": {
              "moduleID": "234234823",
              "video": [
                {
                  "videoQuality": "720",
                  "videoLink": {
                    "url": "http://commondatastorage.googleapis.com/gtv-videos-bucket/sample/BigBuckBunny.mp4",
                    "method": "get",
                    "headers": [
                      {
                        "key": "key",
                        "value": "value"
                      }
                    ],
                    "httpBody": null
                  }
                }
              ]
            }
          }
        ]
      }
    ],
    "responseCodeFunctions": [
      {
        "code": 0,
        "msgTitle": "",
        "msgBody": "",
        "type": "normal",
        "functions": [
          {
            "request": {
              "url": "empty",
              "method": "get",
              "headers": [
                {
                  "key": "key",
                  "value": "value"
                }
              ],
              "httpBody": null
            },
            "extra": {
              "commands": [
                {
                  "commandName": "",
                  "params": [
                    {
                      "key": "",
                      "value": ""
                    }
                  ]
                }
              ],
              "extraInfo": [
                {
                  "key": "",
                  "value": ""
                }
              ]
            },
            "javascriptConfig": {
              "removeJavascript": true,
              "loadInWebView": false,
              "javaScript": ""
            }
          }
        ]
      }
    ],
    "helperFunctions": [
      {
        "functionName": "example",
        "msgTitle": "",
        "msgBody": "",
        "type": "normal",
        "functions": [
          {
            "request": {
              "url": "empty",
              "method": "get",
              "headers": [
                {
                  "key": "key",
                  "value": "value"
                }
              ],
              "httpBody": null
            },
            "extra": {
              "commands": [
                {
                  "commandName": "",
                  "params": [
                    {
                      "key": "",
                      "value": ""
                    }
                  ]
                }
              ],
              "extraInfo": [
                {
                  "key": "",
                  "value": ""
                }
              ]
            },
            "javascriptConfig": {
              "removeJavascript": true,
              "loadInWebView": false,
              "javaScript": ""
            }
          }
        ]
      }
    ]
  }
