{
    "moduleInfo": {
        "moduleName": "nHentai",
        "moduleInitials": "NH",
        "moduleDesc": "nhentai is a free hentai manga and doujinshi with over 350,000 galleries.",
        "developer": "Jack_",
        "moduleID": "uRDuq3eNFpZ",
        "moduleImage": "https://i.imgur.com/2R12aFd.jpg",
        "moduleVersion": 1.3,
        "moduleLenguage": "ENG",
        "moduleType": "Image",
        "searchPlaceHolder": "Search by name or doujin id",
        "baseURL": "https://nhentai.net/",
        "moduleDeveloperSite": "https://cyborg714.github.io/ketsu/",
        "UpdateSite": "https://raw.githubusercontent.com/Cyborg714/ketsu/main/image/nhentai.json",
        "preferedServer": "",
        "preferedDownloadServer": "",
        "blackListed": [
            ""
        ]
    },
    "global": {
        "variables": [
            {
                "key": "",
                "value": ""
            }
        ],
        "cookies": [
            {
                "key": "",
                "value": ""
            }
        ],
        "headers": [
            {
                "key": "",
                "value": ""
            }
        ]
    },
    "mainPage": [
        {
            "request": {
                "url": "https://nhentai.net/",
                "method": "get",
                "headers": [
                    {
                        "key": "",
                        "value": ""
                    }
                ],
                "httpBody": null
            },
            "extra": {
                "commands": [
                    {
                        "commandName": "",
                        "params": [
                            {
                                "key": "",
                                "value": ""
                            }
                        ]
                    }
                ],
                "extraInfo": [
                    {
                        "key": "",
                        "value": ""
                    }
                ]
            },
            "javascriptConfig": {
                "removeJavascript": true,
                "loadInWebView": false,
                "javaScript": "const DefaultLayouts = { ultraWideFull: 'ultraWideFull', ultraWide: 'ultraWide', wideFull: 'wideFull', wide: 'wide', wideStrechedFull: 'wideStrechedFull', wideStrechedFullDouble: 'WideStrechedFullDouble', wideStreched: 'wideStreched', wideStrechedDouble: 'wideStrechedDouble', wideStrechedFullList: 'wideStrechedFullList', wideStrechedList: 'wideStrechedList', doublets: 'doublets', doubletsDouble: 'doubletsDouble', doubletsFull: 'doubletsFull', doubletsFullDouble: 'doubletsFullDouble', doubletsConstant: 'doubletsConstant', doubletsDoubleConstant: 'doubletsDoubleConstant', doubletsFullConstant: 'doubletsFullConstant', doubletsFullDoubleConstant: 'doubletsFullDoubleConstant', longDoublets: 'longDoublets', longDoubletsDouble: 'longDoubletsDouble', longDoubletsFull: 'longDoubletsFull', longDoubletsFullDouble: 'longDoubletsFullDouble', longDoubletsConstant: 'longDoubletsConstant', longDoubletsDoubleConstant: 'longDoubletsDoubleConstant', longDoubletsFullConstant: 'longDoubletsFullConstant', longDoubletsFullDoubleConstant: 'longDoubletsFullDoubleConstant', triplets: 'triplets', tripletsDouble: 'tripletsDouble', tripletsFull: 'tripletsFull', tripletsFullDouble: 'tripletsFullDouble', tripletsConstant: 'tripletsConstant', tripletsDoubleConstant: 'tripletsDoubleConstant', tripletsFullConstant: 'tripletsFullConstant', tripletsFullDoubleConstant: 'tripletsFullDoubleConstant', longTriplets: 'longTriplets', longTripletsDouble: 'longTripletsDouble', longTripletsFull: 'longTripletsFull', longTripletsFullDouble: 'longTripletsFullDouble', longTripletsConstant: 'longTripletsConstant', longTripletsDoubleConstant: 'longTripletsDoubleConstant', longTripletsFullConstant: 'longTripletsFullConstant', longTripletsFullDoubleConstant: 'longTripletsFullDoubleConstant', none: ''};const CellDesings = { Special1: 'Special1', Special2: 'Special2', Special3: 'Special3', CELLHelperText: 'CELLHelperText', small1: 'small1', small2: 'small2', normal1: 'normal1', normal2: 'normal2', normal3: 'normal3', normal4: 'normal4', normal5: 'normal5', normal6: 'normal6', normal7: 'normal7', wide1: 'wide1', wide2: 'wide2', wide3: 'wide3', wide4: 'wide4', wide5: 'wide5', wide6: 'wide6', wide7: 'wide7', wide8: 'wide8', wide9: 'wide9', wide10: 'wide10', wide11: 'wide11'};const Paging = { leading: 'leading', centered: 'centered', none: ''};const Orientation = { horizontal: 'horizontal', vertical: 'vertical'};function MainPage(request, extra, javascriptConfig, output) { this.request = request; this.extra = extra; this.javascriptConfig = javascriptConfig; this.output = output;}function ModuleRequest(url, method, headers, httpBody) { this.url = url; this.method = method; this.headers = headers; this.httpBody = httpBody;}function Extra(commands, extraInfo) { this.commands = commands; this.extraInfo = extraInfo;}function Commands(commandName, params) { this.commandName = commandName; this.params = params;}function JavascriptConfig(removeJavascript, loadInWebView, javaScript) { this.removeJavascript = removeJavascript; this.loadInWebView = loadInWebView; this.javaScript = javaScript;}function KeyValue(key, value) { this.key = key; this.value = value;}function Output(cellDesing, orientation, defaultLayout, paging, section, layout, data) { this.cellDesing = cellDesing; this.orientation = orientation; this.defaultLayout = defaultLayout; this.paging = paging; this.section = section; this.layout = layout; this.data = data;}function Section(sectionName, separator) { this.sectionName = sectionName; this.separator = separator;}function Layout(insets, visibleCellsWidthS, visibleCellsWidthM, visibleCellsWidthL, visibleCellsHeight, heightForVisibleCells, cellSize, ratio, constant, horizontalSpacing, verticalSpacing) { this.insets = insets; this.visibleCellsWidthS = visibleCellsWidthS; this.visibleCellsWidthM = visibleCellsWidthM; this.visibleCellsWidthL = visibleCellsWidthL; this.visibleCellsHeight = visibleCellsHeight; this.heightForVisibleCells = heightForVisibleCells; this.cellSize = cellSize; this.ratio = ratio; this.constant = constant; this.horizontalSpacing = horizontalSpacing; this.verticalSpacing = verticalSpacing;}function Insets(top, bottom, left, right) { this.top = top; this.bottom = bottom; this.left = left; this.right = right;}function Size(width, height) { this.width = width; this.height = height;}function Ratio(inRelation, number1, number2) { this.inRelation = inRelation; this.number1 = number1; this.number2 = number2;}function Data(image, title, description, field1, field2, field3, field4, isChapter, link, openInWebView) { this.image = image; this.title = title; this.description = description; this.field1 = field1; this.field2 = field2; this.field3 = field3; this.field4 = field4; this.isChapter = isChapter; this.link = link; this.openInWebView = openInWebView;}function quickData(link, image, title, field1) { return new Data(image, title, 'unknown', field1, 'unknown', 'unknown', 'unknown', false, link);}function shuffle(a) { var j, x, i; for (i = a.length - 1; i > 0; i--) { j = Math.floor(Math.random() * (i + 1)); x = a[i]; a[i] = a[j]; a[j] = x; } return a;}var savedData = document.getElementById('ketsu-final-data');var parsedJson = JSON.parse(savedData.innerHTML);let output = parsedJson.output;let popular = [];let randomGallery = [];let emptyKeyValue = [new KeyValue('', '')];let nextRequest = new ModuleRequest('', 'get', emptyKeyValue, null);const galleries = document.querySelectorAll('.index-container:not(.index-popular) > .gallery > a');if (!parsedJson.request.url.includes('page')) { output = []; const popGallery = document.querySelectorAll('.index-popular > .gallery > a'); for (const gallery of popGallery) { const title = gallery.querySelector('.caption').textContent.replace(/(\\[.+?\\])/g, '').trim(); let image = gallery.querySelector('img').dataset.src; image = new ModuleRequest(image, 'get', emptyKeyValue, null); let link = gallery.href.split('/')[2]; link = new ModuleRequest(`https://nhentai.net/api/gallery/${link}`, 'get', emptyKeyValue, null); const tags = gallery.parentElement.dataset.tags; let language = 'EN'; if (tags.includes('6346')) { language = 'JP'; } else if (tags.includes('29963')) { language = 'CN'; } var obj = new Data(image, title, 'unknown', title, `Language: ${language}`, 'unknown', 'unknown', false, link); popular.push(obj); } let topLayout = new Layout(new Insets(0, 0, 0, 0), 1, 2, 4, 1, 500, new Size(400, 400), new Ratio('width', 1, 1), new Size(0, 0), 0, 0); output.push(new Output(CellDesings.Special3, Orientation.horizontal, DefaultLayouts.none, Paging.centered, new Section('', false), topLayout, popular)); for (const gallery of galleries) { const title = gallery.querySelector('.caption').textContent.replace(/(\\[.+?\\])/g, '').trim(); let image = gallery.querySelector('img').dataset.src; image = new ModuleRequest(image, 'get', emptyKeyValue, null); let link = gallery.href.split('/')[2]; link = new ModuleRequest(`https://nhentai.net/api/gallery/${link}`, 'get', emptyKeyValue, null); const tags = gallery.parentElement.dataset.tags; let language = 'EN'; if (tags.includes('6346')) { language = 'JP'; } else if (tags.includes('29963')) { language = 'CN'; } const obj = new Data(image, title, 'unknown', `Language: ${language}`, 'unknown', 'unknown', 'unkown', false, link, false); randomGallery.push(obj); } output.push(new Output(CellDesings.normal7, Orientation.horizontal, DefaultLayouts.longTripletsDouble, Paging.leading, new Section('', true), null, randomGallery)); nextRequest = new ModuleRequest(new URL('?page=2', parsedJson.request.url).href, 'get', emptyKeyValue, null);} else { for (const gallery of galleries) { const title = gallery.querySelector('.caption').textContent.replace(/(\\[.+?\\])/g, '').trim(); let image = gallery.querySelector('img').dataset.src; image = new ModuleRequest(image, 'get', emptyKeyValue, null); let link = gallery.href.split('/')[2]; link = new ModuleRequest(`https://nhentai.net/api/gallery/${link}`, 'get', emptyKeyValue, null); const tags = gallery.parentElement.dataset.tags; let language = 'EN'; if (tags.includes('6346')) { language = 'JP'; } else if (tags.includes('29963')) { language = 'CN'; } const obj = new Data(image, title, 'unknown', `Language: ${language}`, '', 'unknown', 'unkown', false, link, false); randomGallery.push(obj); } output.push(new Output(CellDesings.wide6, Orientation.horizontal, DefaultLayouts.longDoubletsFull, Paging.leading, new Section('', true), null, randomGallery));}let MainPageObject = new MainPage(nextRequest, new Extra([new Commands('', emptyKeyValue)], emptyKeyValue), new JavascriptConfig(true, false, ''), output);var finalJson = JSON.stringify(MainPageObject);savedData.innerHTML = finalJson;"
            },
            "output": [
                {
                    "cellDesing": "normal1",
                    "orientation": "vertical",
                    "defaultLayout": "wide",
                    "paging": "",
                    "section": {
                        "sectionName": "",
                        "separator": false
                    },
                    "layout": {
                        "insets": {
                            "top": 0,
                            "bottom": 0,
                            "left": 0,
                            "right": 0
                        },
                        "visibleCellsWidthS": 2,
                        "visibleCellsWidthM": 2,
                        "visibleCellsWidthL": 2,
                        "visibleCellsHeight": 2,
                        "heightForVisibleCells": 400,
                        "cellSize": {
                            "width": 300,
                            "height": 300
                        },
                        "ratio": {
                            "inRelation": "width",
                            "number1": 1,
                            "number2": 2
                        },
                        "constant": {
                            "width": 1,
                            "height": 2
                        },
                        "horizontalSpacing": 0,
                        "verticalSpacing": 0
                    },
                    "data": [
                        {
                            "image": {
                                "url": "",
                                "method": "get",
                                "headers": [
                                    {
                                        "key": "",
                                        "value": ""
                                    }
                                ],
                                "httpBody": null
                            },
                            "title": "",
                            "description": "",
                            "field1": "",
                            "field2": "",
                            "field3": "",
                            "field4": "",
                            "openInWebView": false,
                            "isChapter": false,
                            "link": {
                                "url": "",
                                "method": "",
                                "headers": [
                                    {
                                        "key": "",
                                        "value": ""
                                    }
                                ],
                                "httpBody": null
                            }
                        }
                    ]
                }
            ]
        }
    ],
    "search": [
        {
            "request": {
                "url": "https://nhentai.net/search/?q=<searched>&page=<page>",
                "method": "get",
                "headers": [
                    {
                        "key": "",
                        "value": ""
                    }
                ],
                "httpBody": null
            },
            "separator": "+",
            "extra": {
                "commands": [
                    {
                        "commandName": "",
                        "params": [
                            {
                                "key": "",
                                "value": ""
                            }
                        ]
                    }
                ],
                "extraInfo": [
                    {
                        "key": "",
                        "value": ""
                    }
                ]
            },
            "javascriptConfig": {
                "removeJavascript": true,
                "loadInWebView": false,
                "javaScript": "const DefaultLayouts = { ultraWideFull: 'ultraWideFull', ultraWide: 'ultraWide', wideFull: 'wideFull', wide: 'wide', wideStrechedFull: 'wideStrechedFull', wideStrechedFullDouble: 'WideStrechedFullDouble', wideStreched: 'wideStreched', wideStrechedDouble: 'wideStrechedDouble', wideStrechedFullList: 'wideStrechedFullList', wideStrechedList: 'wideStrechedList', doublets: 'doublets', doubletsDouble: 'doubletsDouble', doubletsFull: 'doubletsFull', doubletsFullDouble: 'doubletsFullDouble', doubletsConstant: 'doubletsConstant', doubletsDoubleConstant: 'doubletsDoubleConstant', doubletsFullConstant: 'doubletsFullConstant', doubletsFullDoubleConstant: 'doubletsFullDoubleConstant', longDoublets: 'longDoublets', longDoubletsDouble: 'longDoubletsDouble', longDoubletsFull: 'longDoubletsFull', longDoubletsFullDouble: 'longDoubletsFullDouble', longDoubletsConstant: 'longDoubletsConstant', longDoubletsDoubleConstant: 'longDoubletsDoubleConstant', longDoubletsFullConstant: 'longDoubletsFullConstant', longDoubletsFullDoubleConstant: 'longDoubletsFullDoubleConstant', triplets: 'triplets', tripletsDouble: 'tripletsDouble', tripletsFull: 'tripletsFull', tripletsFullDouble: 'tripletsFullDouble', tripletsConstant: 'tripletsConstant', tripletsDoubleConstant: 'tripletsDoubleConstant', tripletsFullConstant: 'tripletsFullConstant', tripletsFullDoubleConstant: 'tripletsFullDoubleConstant', longTriplets: 'longTriplets', longTripletsDouble: 'longTripletsDouble', longTripletsFull: 'longTripletsFull', longTripletsFullDouble: 'longTripletsFullDouble', longTripletsConstant: 'longTripletsConstant', longTripletsDoubleConstant: 'longTripletsDoubleConstant', longTripletsFullConstant: 'longTripletsFullConstant', longTripletsFullDoubleConstant: 'longTripletsFullDoubleConstant', none: ''};const CellDesings = { Special1: 'Special1', Special2: 'Special2', Special3: 'Special3', CELLHelperText: 'CELLHelperText', small1: 'small1', small2: 'small2', normal1: 'normal1', normal2: 'normal2', normal3: 'normal3', normal4: 'normal4', normal5: 'normal5', normal6: 'normal6', normal7: 'normal7', wide1: 'wide1', wide2: 'wide2', wide3: 'wide3', wide4: 'wide4', wide5: 'wide5', wide6: 'wide6', wide7: 'wide7', wide8: 'wide8', wide9: 'wide9', wide10: 'wide10', wide11: 'wide11'};const Paging = { leading: 'leading', centered: 'centered', none: ''};const Orientation = { horizontal: 'horizontal', vertical: 'vertical'};function Search(request, extra, separator, javascriptConfig, output) { this.request = request; this.extra = extra; this.separator = separator; this.javascriptConfig = javascriptConfig; this.output = output;}function ModuleRequest(url, method, headers, httpBody) { this.url = url; this.method = method; this.headers = headers; this.httpBody = httpBody;}function Extra(commands, extraInfo) { this.commands = commands; this.extraInfo = extraInfo;}function Commands(commandName, params) { this.commandName = commandName; this.params = params;}function JavascriptConfig(removeJavascript, loadInWebView, javaScript) { this.removeJavascript = removeJavascript; this.loadInWebView = loadInWebView; this.javaScript = javaScript;}function KeyValue(key, value) { this.key = key; this.value = value;}function Output(cellDesing, orientation, defaultLayout, paging, section, layout, data) { this.cellDesing = cellDesing; this.orientation = orientation; this.defaultLayout = defaultLayout; this.paging = paging; this.section = section; this.layout = layout; this.data = data;}function Section(sectionName, separator) { this.sectionName = sectionName; this.separator = separator;}function Layout(insets, visibleCellsWidthS, visibleCellsWidthM, visibleCellsWidthL, visibleCellsHeight, heightForVisibleCells, cellSize, ratio, constant, horizontalSpacing, verticalSpacing) { this.insets = insets; this.visibleCellsWidthS = visibleCellsWidthS; this.visibleCellsWidthM = visibleCellsWidthM; this.visibleCellsWidthL = visibleCellsWidthL; this.visibleCellsHeight = visibleCellsHeight; this.heightForVisibleCells = heightForVisibleCells; this.cellSize = cellSize; this.ratio = ratio; this.constant = constant; this.horizontalSpacing = horizontalSpacing; this.verticalSpacing = verticalSpacing;}function Insets(top, bottom, left, right) { this.top = top; this.bottom = bottom; this.left = left; this.right = right;}function Size(width, height) { this.width = width; this.height = height;}function Ratio(inRelation, number1, number2) { this.inRelation = inRelation; this.number1 = number1; this.number2 = number2;}function Data(image, title, description, field1, field2, field3, field4, isChapter, link, openInWebView) { this.image = image; this.title = title; this.description = description; this.field1 = field1; this.field2 = field2; this.field3 = field3; this.field4 = field4; this.isChapter = isChapter; this.link = link; this.openInWebView = openInWebView;}function quickData(link, image, title, field1) { return new Data(image, title, 'unknown', field1, 'unknown', 'unknown', 'unknown', false, link);}function shuffle(a) { var j, x, i; for (i = a.length - 1; i > 0; i--) { j = Math.floor(Math.random() * (i + 1)); x = a[i]; a[i] = a[j]; a[j] = x; } return a;}var savedData = document.getElementById('ketsu-final-data');var parsedJson = JSON.parse(savedData.innerText);let output = [];let results = [];let emptyKeyValue = [new KeyValue('', '')];let doujinID = parsedJson.request.url.split('search/?q=')[1].split('&page=')[0];if (!parseInt(doujinID)) { const galleries = document.querySelectorAll('.index-container > .gallery > a'); for (const gallery of galleries) { const title = gallery.querySelector('.caption').textContent.replace(/(\\[.+?\\])/g, '').trim(); let image = gallery.querySelector('img').dataset.src; image = new ModuleRequest(image, 'get', emptyKeyValue, null); let link = gallery.href.split('/')[2]; link = new ModuleRequest(`https://nhentai.net/api/gallery/${link}`, 'get', emptyKeyValue, null); const tags = gallery.parentElement.dataset.tags; let language = 'EN'; if (tags.includes('6346')) { language = 'JP'; } else if (tags.includes('29963')) { language = 'CN'; } const obj = new Data(image, title, `Language: ${language}`, 'unknown', 'unknown', 'unknown', 'unknown', true, link, false); results.push(obj); } var testLayout = new Layout(new Insets(10, 10, 10, 10), 1, 2, 3, 1, 500, new Size(400, 400), new Ratio('width', 4, 11), new Size(0, 0), 10, 10); output.push(new Output(CellDesings.wide8, Orientation.vertical, DefaultLayouts.none, Paging.none, new Section('', false), testLayout, results));} else { var testLayout = new Layout(new Insets(0, 0, 10, 10), 1, 1, 1, 1, 50, new Size(400, 50), null, new Size(0, 0), 0, 0); const request = new ModuleRequest(`https://nhentai.net/api/gallery/${doujinID}`, 'get', emptyKeyValue, null); results.push(quickData(request, request, `Click to open: ${doujinID}`, '')); output.push(new Output(CellDesings.small2, Orientation.vertical, DefaultLayouts.none, Paging.none, new Section('Sauce Deteced', true), testLayout, results));}let searchPageObject = new Search(new ModuleRequest('', '', emptyKeyValue, null), new Extra([new Commands('', emptyKeyValue)], emptyKeyValue), '', new JavascriptConfig(true, false, ''), output);var finalJson = JSON.stringify(searchPageObject);savedData.innerHTML = finalJson;"
            },
            "output": [
                {
                    "cellDesing": "normal1",
                    "orientation": "vertical",
                    "defaultLayout": "wide",
                    "paging": "",
                    "section": {
                        "sectionName": "",
                        "separator": false
                    },
                    "layout": {
                        "insets": {
                            "top": 0,
                            "bottom": 0,
                            "left": 0,
                            "right": 0
                        },
                        "visibleCellsWidthS": 2,
                        "visibleCellsWidthM": 2,
                        "visibleCellsWidthL": 2,
                        "visibleCellsHeight": 2,
                        "heightForVisibleCells": 400,
                        "cellSize": {
                            "width": 300,
                            "height": 300
                        },
                        "ratio": {
                            "inRelation": "width",
                            "number1": 1,
                            "number2": 2
                        },
                        "constant": {
                            "width": 1,
                            "height": 2
                        },
                        "horizontalSpacing": 0,
                        "verticalSpacing": 0
                    },
                    "data": [
                        {
                            "image": {
                                "url": "",
                                "method": "get",
                                "headers": [
                                    {
                                        "key": "",
                                        "value": ""
                                    }
                                ],
                                "httpBody": null
                            },
                            "title": "",
                            "description": "",
                            "field1": "",
                            "field2": "",
                            "field3": "",
                            "field4": "",
                            "openInWebView": false,
                            "isChapter": false,
                            "link": {
                                "url": "empty",
                                "method": "get",
                                "headers": [
                                    {
                                        "key": "key",
                                        "value": "value"
                                    }
                                ],
                                "httpBody": null
                            }
                        }
                    ]
                }
            ]
        }
    ],
    "info": [
        {
            "request": {
                "url": "",
                "method": "get",
                "headers": [
                    {
                        "key": "",
                        "value": ""
                    }
                ],
                "httpBody": null
            },
            "extra": {
                "commands": [
                    {
                        "commandName": "",
                        "params": [
                            {
                                "key": "",
                                "value": ""
                            }
                        ]
                    }
                ],
                "extraInfo": [
                    {
                        "key": "",
                        "value": ""
                    }
                ]
            },
            "javascriptConfig": {
                "removeJavascript": true,
                "loadInWebView": false,
                "javaScript": "function Info(request, extra, javascriptConfig, output) { this.request = request; this.extra = extra; this.javascriptConfig = javascriptConfig; this.output = output;}function ModuleRequest(url, method, headers, httpBody) { this.url = url; this.method = method; this.headers = headers; this.httpBody = httpBody;}function Extra(commands, extraInfo) { this.commands = commands; this.extraInfo = extraInfo;}function Commands(commandName, params) { this.commandName = commandName; this.params = params;}function JavascriptConfig(removeJavascript, loadInWebView, javaScript) { this.removeJavascript = removeJavascript; this.loadInWebView = loadInWebView; this.javaScript = javaScript;}function KeyValue(key, value) { this.key = key; this.value = value;}function Chapter(chapName, link, openInWebView) { this.chapName = chapName; this.link = link; this.openInWebView = openInWebView;}function Output(image, title, link, description, genres, field1, field2, field3, field4, chapters) { this.image = image; this.link = link; this.title = title; this.description = description; this.genres = genres; this.field1 = field1; this.field2 = field2; this.field3 = field3; this.field4 = field4; this.chapters = chapters;}function getStuff(array, match) { for (var x = 0; x < array.length; x++) { let data = array[x].innerText; if (data.includes(match)) { return data.replace(match, '').trim(); } }}function getHtmlStuff(array, match) { for (var x = 0; x < array.length; x++) { let data = array[x].innerText; if (data.includes(match)) { return array[x]; } }}function extension(ext) { switch (ext) { case 'p': return 'png'; case 'j': return 'jpg'; case 'g': return 'gif'; default: return 'jpg'; }}var savedData = document.getElementById('ketsu-final-data');var parsedJson = JSON.parse(savedData.innerHTML);let emptyKeyValue = [new KeyValue('', '')];const script = document.querySelector('script').innerHTML.replace('/*', '').replace('*/', '');const info = JSON.parse(script);var episodes = [];var type = `#${info.id}`;var type2 = info.tags.filter(t => t.type == 'category').map(t => t.name)[0] || '';var status = info.tags.filter(t => t.type == 'language' && t.id != 17249)[0].name || '';var genres = info.tags.filter(t => t.type == 'tag').map(t => t.name);var desc = '';var title = info.title.pretty;var image = `https://t.nhentai.net/galleries/${info.media_id}/cover.${extension(info.images.cover.t)}`;image = new ModuleRequest(image, 'get', emptyKeyValue, null);episodes.push(new Chapter(`Read`, new ModuleRequest(parsedJson.request.url, 'get', emptyKeyValue, null), false));let infoPageObject = new Info(new ModuleRequest('', '', emptyKeyValue, null), new Extra([new Commands('', emptyKeyValue)], emptyKeyValue), new JavascriptConfig(false, false, ''), new Output(image, title, parsedJson.request, desc, genres, status, type2, type, 'Chps: ' + episodes.length, episodes));var finalJson = JSON.stringify(infoPageObject);savedData.innerHTML = finalJson;"
            },
            "output": {
                "image": {
                    "url": "",
                    "method": "get",
                    "headers": [
                        {
                            "key": "",
                            "value": ""
                        }
                    ],
                    "httpBody": null
                },
                "link": {
                    "url": "",
                    "method": "get",
                    "headers": [
                        {
                            "key": "",
                            "value": ""
                        }
                    ],
                    "httpBody": null
                },
                "title": "",
                "description": "",
                "genres": [
                    ""
                ],
                "field1": "",
                "field2": "",
                "field3": "",
                "field4": "",
                "chapters": [
                    {
                        "chapName": "",
                        "openInWebView": false,
                        "link": {
                            "url": "empty",
                            "method": "get",
                            "headers": [
                                {
                                    "key": "key",
                                    "value": "value"
                                }
                            ],
                            "httpBody": null
                        }
                    }
                ]
            }
        }
    ],
    "chapters": [
        {
            "request": {
                "url": "",
                "method": "get",
                "headers": [
                    {
                        "key": "key",
                        "value": "value"
                    }
                ],
                "httpBody": null
            },
            "extra": {
                "commands": [
                    {
                        "commandName": "",
                        "params": [
                            {
                                "key": "",
                                "value": ""
                            }
                        ]
                    }
                ],
                "extraInfo": [
                    {
                        "key": "",
                        "value": ""
                    }
                ]
            },
            "javascriptConfig": {
                "removeJavascript": true,
                "loadInWebView": false,
                "javaScript": "function Chapters(request, extra, javascriptConfig, output) { this.request = request; this.extra = extra; this.javascriptConfig = javascriptConfig; this.output = output;}function ModuleRequest(url, method, headers, httpBody) { this.url = url; this.method = method; this.headers = headers; this.httpBody = httpBody;}function Extra(commands, extraInfo) { this.commands = commands; this.extraInfo = extraInfo;}function Commands(commandName, params) { this.commandName = commandName; this.params = params;}function JavascriptConfig(removeJavascript, loadInWebView, javaScript) { this.removeJavascript = removeJavascript; this.loadInWebView = loadInWebView; this.javaScript = javaScript;}function KeyValue(key, value) { this.key = key; this.value = value;}function Output(videos, images, text) { this.videos = videos; this.images = images; this.text = text;}function Videos(needsResolver, rawVideo) { this.needsResolver = needsResolver; this.rawVideo = rawVideo;}function NeedsResolver(resolverIdentifier, link) { this.resolverIdentifier = resolverIdentifier; this.link = link;}function RawVideo(video) { this.video = video;}function Video(videoQuality, videoLink) { this.videoQuality = videoQuality; this.videoLink = videoLink;}function Text(text) { this.text = text;}function extension(ext) { switch (ext) { case 'p': return 'png'; case 'j': return 'jpg'; case 'g': return 'gif'; default: return 'jpg'; }}var output = [];var savedData = document.getElementById('ketsu-final-data');var parsedJson = JSON.parse(savedData.innerHTML);const script = document.querySelector('script').innerHTML.replace('/*', '').replace('*/', '');const info = JSON.parse(script);var emptyKeyValue = [new KeyValue('Referer', `https://nhentai.net/g/${info.id}/`)];const pages = info.images.pages;for (let index = 1; index <= pages.length; index++) { const page = pages[index - 1]; let img = `https://i.nhentai.net/galleries/${info.media_id}/${index}.${extension(page.t)}`; img = new ModuleRequest(img, 'get', emptyKeyValue, null); output.push(img);}let emptyExtra = new Extra([new Commands('', emptyKeyValue)], emptyKeyValue);var chaptersObject = new Chapters(new ModuleRequest('', '', emptyKeyValue, null), emptyExtra, new JavascriptConfig(false, false, ''), new Output(null, output, null));var finalJson = JSON.stringify(chaptersObject);savedData.innerHTML = finalJson;"
            },
            "output": {
                "videos": {
                    "needsResolver": [
                        {
                            "resolverIdentifier": "",
                            "link": {
                                "url": "",
                                "method": "get",
                                "headers": [
                                    {
                                        "key": "key",
                                        "value": "value"
                                    }
                                ],
                                "httpBody": null
                            }
                        }
                    ],
                    "rawVideo": [
                        {
                            "video": [
                                {
                                    "videoQuality": "",
                                    "videoLink": {
                                        "url": "http://commondatastorage.googleapis.com/gtv-videos-bucket/sample/BigBuckBunny.mp4",
                                        "method": "get",
                                        "headers": [
                                            {
                                                "key": "key",
                                                "value": "value"
                                            }
                                        ],
                                        "httpBody": null
                                    }
                                }
                            ]
                        }
                    ]
                },
                "images": [
                    {
                        "url": "empty",
                        "method": "get",
                        "headers": [
                            {
                                "key": "key",
                                "value": "value"
                            }
                        ],
                        "httpBody": null
                    }
                ],
                "text": {
                    "text": ""
                }
            }
        }
    ],
    "moduleResolvers": [
        {
            "resolverInfo": {
                "resolverName": "",
                "nameMatches": [
                    ""
                ],
                "developer": "",
                "moduleID": "",
                "resolverVersion": 1,
                "baseURL": ""
            },
            "resolver": [
                {
                    "request": {
                        "url": "",
                        "method": "get",
                        "headers": [
                            {
                                "key": "key",
                                "value": "value"
                            }
                        ],
                        "httpBody": null
                    },
                    "extra": {
                        "commands": [
                            {
                                "commandName": "",
                                "params": [
                                    {
                                        "key": "",
                                        "value": ""
                                    }
                                ]
                            }
                        ],
                        "extraInfo": [
                            {
                                "key": "",
                                "value": ""
                            }
                        ]
                    },
                    "javascriptConfig": {
                        "removeJavascript": false,
                        "loadInWebView": false,
                        "javaScript": ""
                    },
                    "output": {
                        "moduleID": "",
                        "video": [
                            {
                                "videoQuality": "720",
                                "videoLink": {
                                    "url": "http://commondatastorage.googleapis.com/gtv-videos-bucket/sample/BigBuckBunny.mp4",
                                    "method": "get",
                                    "headers": [
                                        {
                                            "key": "key",
                                            "value": "value"
                                        }
                                    ],
                                    "httpBody": null
                                }
                            }
                        ]
                    }
                }
            ]
        }
    ],
    "responseCodeFunctions": [
        {
            "code": 0,
            "msgTitle": "",
            "msgBody": "",
            "type": "normal",
            "functions": [
                {
                    "request": {
                        "url": "empty",
                        "method": "get",
                        "headers": [
                            {
                                "key": "key",
                                "value": "value"
                            }
                        ],
                        "httpBody": null
                    },
                    "extra": {
                        "commands": [
                            {
                                "commandName": "",
                                "params": [
                                    {
                                        "key": "",
                                        "value": ""
                                    }
                                ]
                            }
                        ],
                        "extraInfo": [
                            {
                                "key": "",
                                "value": ""
                            }
                        ]
                    },
                    "javascriptConfig": {
                        "removeJavascript": true,
                        "loadInWebView": false,
                        "javaScript": ""
                    }
                }
            ]
        }
    ],
    "helperFunctions": [
        {
            "functionName": "example",
            "msgTitle": "",
            "msgBody": "",
            "type": "normal",
            "functions": [
                {
                    "request": {
                        "url": "empty",
                        "method": "get",
                        "headers": [
                            {
                                "key": "key",
                                "value": "value"
                            }
                        ],
                        "httpBody": null
                    },
                    "extra": {
                        "commands": [
                            {
                                "commandName": "",
                                "params": [
                                    {
                                        "key": "",
                                        "value": ""
                                    }
                                ]
                            }
                        ],
                        "extraInfo": [
                            {
                                "key": "",
                                "value": ""
                            }
                        ]
                    },
                    "javascriptConfig": {
                        "removeJavascript": true,
                        "loadInWebView": false,
                        "javaScript": ""
                    }
                }
            ]
        }
    ]
}