{
  "moduleInfo": {
    "moduleName": "Cusine Recipies",
    "moduleInitials": "CUSRES",
    "moduleDesc": "Module to get Cusine Recipies, source: https://www.cuisineathome.com/",
    "developer": "user123",
    "moduleID": "1231283828288",
    "moduleImage": "https://sevilla.abc.es/gurme/wp-content/uploads/sites/24/2010/06/crepes-con-nata-y-chocolate.jpeg",
    "moduleVersion": 1.008,
    "moduleLenguage": "ENG",
    "moduleType": "Text",
    "baseURL": "https://www.cuisineathome.com/",
    "moduleDeveloperSite": "https://mprotmod.github.io/Modules-KETSU/index.html",
    "UpdateSite": "https://raw.githubusercontent.com/mprotmod/Modules-KETSU/main/Module%20Parser%20KETSU/Cusine%20recipies/moduleTemplate.json",
    "preferedServer": "",
    "preferedDownloadServer": "",
    "blackListed": [
      ""
    ]
  },
  "global": {
    "variables": [
      {
        "key": "",
        "value": ""
      }
    ],
    "cookies": [
      {
        "key": "",
        "value": ""
      }
    ],
    "headers": [
      {
        "key": "",
        "value": ""
      }
    ]
  },
  "mainPage": [
    {
      "request": {
        "url": "https://www.cuisineathome.com/",
        "method": "get",
        "headers": [
          {
            "key": "",
            "value": ""
          }
        ],
        "httpBody": null
      },
      "extra": {
        "commands": [
          {
            "commandName": "",
            "params": [
              {
                "key": "",
                "value": ""
              }
            ]
          }
        ],
        "extraInfo": [
          {
            "key": "",
            "value": ""
          }
        ]
      },
      "javascriptConfig": {
        "removeJavascript": true,
        "loadInWebView": false,
        "javaScript": "const DefaultLayouts = { ultraWideFull : 'ultraWideFull', ultraWide : 'ultraWide', wideFull : 'wideFull', wide : 'wide', wideStrechedFull : 'wideStrechedFull', wideStrechedFullDouble : 'WideStrechedFullDouble', wideStreched : 'wideStreched', wideStrechedDouble : 'wideStrechedDouble', wideStrechedFullList : 'wideStrechedFullList', wideStrechedList : 'wideStrechedList', doublets : 'doublets', doubletsDouble : 'doubletsDouble', doubletsFull : 'doubletsFull', doubletsFullDouble : 'doubletsFullDouble', doubletsConstant : 'doubletsConstant', doubletsDoubleConstant : 'doubletsDoubleConstant', doubletsFullConstant : 'doubletsFullConstant', doubletsFullDoubleConstant : 'doubletsFullDoubleConstant', longDoublets : 'longDoublets', longDoubletsDouble : 'longDoubletsDouble', longDoubletsFull : 'longDoubletsFull', longDoubletsFullDouble : 'longDoubletsFullDouble', longDoubletsConstant : 'longDoubletsConstant', longDoubletsDoubleConstant : 'longDoubletsDoubleConstant', longDoubletsFullConstant : 'longDoubletsFullConstant', longDoubletsFullDoubleConstant : 'longDoubletsFullDoubleConstant', triplets : 'triplets', tripletsDouble : 'tripletsDouble', tripletsFull : 'tripletsFull', tripletsFullDouble : 'tripletsFullDouble', tripletsConstant : 'tripletsConstant', tripletsDoubleConstant : 'tripletsDoubleConstant', tripletsFullConstant : 'tripletsFullConstant', tripletsFullDoubleConstant : 'tripletsFullDoubleConstant', longTriplets : 'longTriplets', longTripletsDouble : 'longTripletsDouble', longTripletsFull : 'longTripletsFull', longTripletsFullDouble : 'longTripletsFullDouble', longTripletsConstant : 'longTripletsConstant', longTripletsDoubleConstant : 'longTripletsDoubleConstant', longTripletsFullConstant : 'longTripletsFullConstant', longTripletsFullDoubleConstant : 'longTripletsFullDoubleConstant', none: '' }; const CellDesings = { Special1 : 'Special1', Special2 : 'Special2', Special3 : 'Special3', CELLHelperText : 'CELLHelperText', small1 : 'small1', small2 : 'small2', normal1 : 'normal1', normal2 : 'normal2', normal3 : 'normal3', normal4 : 'normal4', normal5 : 'normal5', normal6 : 'normal6', normal7 : 'normal7', wide1 : 'wide1', wide2 : 'wide2', wide3 : 'wide3', wide4 : 'wide4', wide5 : 'wide5', wide6 : 'wide6', wide7 : 'wide7', wide8 : 'wide8', wide9 : 'wide9', wide10 : 'wide10', wide11 : 'wide11' }; const Paging = { leading : 'leading', centered : 'centered', none : '' }; const Orientation = { horizontal : 'horizontal', vertical : 'vertical' }; function MainPage(request, extra, javascriptConfig, output) { this.request = request; this.extra = extra; this.javascriptConfig = javascriptConfig; this.output = output; } function ModuleRequest(url, method, headers, httpBody) { this.url = url; this.method = method; this.headers = headers; this.httpBody = httpBody; } function Extra(commands, extraInfo) { this.commands = commands; this.extraInfo = extraInfo; } function Commands(commandName, params) { this.commandName = commandName; this.params = params; } function JavascriptConfig(removeJavascript, loadInWebView, javaScript) { this.removeJavascript = removeJavascript; this.loadInWebView = loadInWebView; this.javaScript = javaScript; } function KeyValue(key, value) { this.key = key; this.value = value; } function Output(cellDesing, orientation, defaultLayout, paging, section, layout, data) { this.cellDesing = cellDesing; this.orientation = orientation; this.defaultLayout = defaultLayout; this.paging = paging; this.section = section; this.layout = layout; this.data = data; } function Section(sectionName, separator) { this.sectionName = sectionName; this.separator = separator; } function Layout(insets, visibleCellsWidthS,visibleCellsWidthM,visibleCellsWidthL, visibleCellsHeight, heightForVisibleCells, cellSize, ratio, constant, horizontalSpacing, verticalSpacing) { this.insets = insets; this.visibleCellsWidthS = visibleCellsWidthS; this.visibleCellsWidthM = visibleCellsWidthM; this.visibleCellsWidthL = visibleCellsWidthL; this.visibleCellsHeight = visibleCellsHeight; this.heightForVisibleCells = heightForVisibleCells; this.cellSize = cellSize; this.ratio = ratio; this.constant = constant; this.horizontalSpacing = horizontalSpacing; this.verticalSpacing = verticalSpacing; } function Insets(top, bottom, left, right) { this.top = top; this.bottom = bottom; this.left = left; this.right = right; } function Size(width, height) { this.width = width; this.height = height; } function Ratio(inRelation, number1, number2) { this.inRelation = inRelation; this.number1 = number1; this.number2 = number2; } function Data(image, title, description, field1, field2, field3, field4, isChapter, link,openInWebView) { this.image = image; this.title = title; this.description = description; this.field1 = field1; this.field2 = field2; this.field3 = field3; this.field4 = field4; this.isChapter = isChapter; this.link = link; this.openInWebView = openInWebView; } function quickData(link,image,title,field1,field2) { return new Data(image,title,'unknown',field1,field2,'unknown','unknown',false,link); } function shuffle(a) { var j, x, i; for (i = a.length - 1; i > 0; i--) { j = Math.floor(Math.random() * (i + 1)); x = a[i]; a[i] = a[j]; a[j] = x; } return a; } var savedData = document.getElementById('ketsu-final-data'); var parsedJson = JSON.parse(savedData.innerHTML); let output = []; let emptyKeyValue = [new KeyValue('','')]; let collections = ['collection-1','collection-2','collection-3']; for (var x = 0; x < collections.length; x++) { let collection = document.querySelector('#' + collections[x]); console.log(collection); let collectionName = collection.getAttribute('aria-label'); let recipies = collection.querySelectorAll('.md-4'); let dataArray = []; for (recipie of recipies) { let image = 'https://www.cuisineathome.com' + recipie.querySelector('img').src; image = new ModuleRequest(image,'get',emptyKeyValue,null); let link = 'https://www.cuisineathome.com' + recipie.querySelector('a').href; link = new ModuleRequest(link,'get',emptyKeyValue,null); let title = recipie.querySelector('h3').textContent; let desc = recipie.querySelector('.depion').textContent; dataArray.push(quickData(link,image,title,'Recipie',desc)); } output.push(new Output(CellDesings.wide10, Orientation.horizontal, DefaultLayouts.ultraWide, Paging.centered, new Section(collectionName, true), null, dataArray)); } let MainPageObject = new MainPage(new ModuleRequest('','get',emptyKeyValue,null),new Extra([new Commands('',emptyKeyValue)],emptyKeyValue),new JavascriptConfig(true,false,''),output); var finalJson = JSON.stringify(MainPageObject); savedData.innerHTML = finalJson; "
      },
      "output": [
        {
          "cellDesing": "normal1",
          "orientation": "vertical",
          "defaultLayout": "wide",
          "paging": "",
          "section": {
            "sectionName": "",
            "separator": false
          },
          "layout": {
            "insets": {
              "top": 0,
              "bottom": 0,
              "left": 0,
              "right": 0
            },
            "visibleCellsWidthS": 2,
            "visibleCellsWidthM": 2,
            "visibleCellsWidthL": 2,
            "visibleCellsHeight": 2,
            "heightForVisibleCells": 400,
            "cellSize": {
              "width": 300,
              "height": 300
            },
            "ratio": {
              "inRelation": "width",
              "number1": 1,
              "number2": 2
            },
            "constant": {
              "width": 1,
              "height": 2
            },
            "horizontalSpacing": 0,
            "verticalSpacing": 0
          },
          "data": [
            {
              "image": {
                "url": "",
                "method": "get",
                "headers": [
                  {
                    "key": "",
                    "value": ""
                  }
                ],
                "httpBody": null
              },
              "title": "",
              "description": "",
              "field1": "",
              "field2": "",
              "field3": "",
              "field4": "",
              "openInWebView" : false,
              "isChapter": false,
              "link": {
                "url": "",
                "method": "",
                "headers": [
                  {
                    "key": "",
                    "value": ""
                  }
                ],
                "httpBody": null
              }
            }
          ]
        }
      ]
    }
  ],
  "search": [
    {
      "request": {
        "url": "https://www.cuisineathome.com/search/?q=<searched>&models=recipes.recipe&models=articles.article&models=articles.howto&models=articles.tip&models=magazine.publication&models=media.video&name=&page=<page>",
        "method": "get",
        "headers": [
          {
            "key": "",
            "value": ""
          }
        ],
        "httpBody": null
      },
      "separator": "",
      "extra": {
        "commands": [
          {
            "commandName": "",
            "params": [
              {
                "key": "",
                "value": ""
              }
            ]
          }
        ],
        "extraInfo": [
          {
            "key": "",
            "value": ""
          }
        ]
      },
      "javascriptConfig": {
        "removeJavascript": true,
        "loadInWebView": false,
        "javaScript": "const DefaultLayouts = { ultraWideFull : 'ultraWideFull', ultraWide : 'ultraWide', wideFull : 'wideFull', wide : 'wide', wideStrechedFull : 'wideStrechedFull', wideStrechedFullDouble : 'WideStrechedFullDouble', wideStreched : 'wideStreched', wideStrechedDouble : 'wideStrechedDouble', wideStrechedFullList : 'wideStrechedFullList', wideStrechedList : 'wideStrechedList', doublets : 'doublets', doubletsDouble : 'doubletsDouble', doubletsFull : 'doubletsFull', doubletsFullDouble : 'doubletsFullDouble', doubletsConstant : 'doubletsConstant', doubletsDoubleConstant : 'doubletsDoubleConstant', doubletsFullConstant : 'doubletsFullConstant', doubletsFullDoubleConstant : 'doubletsFullDoubleConstant', longDoublets : 'longDoublets', longDoubletsDouble : 'longDoubletsDouble', longDoubletsFull : 'longDoubletsFull', longDoubletsFullDouble : 'longDoubletsFullDouble', longDoubletsConstant : 'longDoubletsConstant', longDoubletsDoubleConstant : 'longDoubletsDoubleConstant', longDoubletsFullConstant : 'longDoubletsFullConstant', longDoubletsFullDoubleConstant : 'longDoubletsFullDoubleConstant', triplets : 'triplets', tripletsDouble : 'tripletsDouble', tripletsFull : 'tripletsFull', tripletsFullDouble : 'tripletsFullDouble', tripletsConstant : 'tripletsConstant', tripletsDoubleConstant : 'tripletsDoubleConstant', tripletsFullConstant : 'tripletsFullConstant', tripletsFullDoubleConstant : 'tripletsFullDoubleConstant', longTriplets : 'longTriplets', longTripletsDouble : 'longTripletsDouble', longTripletsFull : 'longTripletsFull', longTripletsFullDouble : 'longTripletsFullDouble', longTripletsConstant : 'longTripletsConstant', longTripletsDoubleConstant : 'longTripletsDoubleConstant', longTripletsFullConstant : 'longTripletsFullConstant', longTripletsFullDoubleConstant : 'longTripletsFullDoubleConstant', none: '' }; const CellDesings = { Special1 : 'Special1', Special2 : 'Special2', Special3 : 'Special3', CELLHelperText : 'CELLHelperText', small1 : 'small1', small2 : 'small2', normal1 : 'normal1', normal2 : 'normal2', normal3 : 'normal3', normal4 : 'normal4', normal5 : 'normal5', normal6 : 'normal6', normal7 : 'normal7', wide1 : 'wide1', wide2 : 'wide2', wide3 : 'wide3', wide4 : 'wide4', wide5 : 'wide5', wide6 : 'wide6', wide7 : 'wide7', wide8 : 'wide8', wide9 : 'wide9', wide10 : 'wide10', wide11 : 'wide11' }; const Paging = { leading : 'leading', centered : 'centered', none : '' }; const Orientation = { horizontal : 'horizontal', vertical : 'vertical' }; function Search(request,extra,separator,javascriptConfig,output) { this.request = request; this.extra = extra; this.separator = separator; this.javascriptConfig = javascriptConfig; this.output = output; } function ModuleRequest(url,method,headers,httpBody) { this.url = url; this.method = method; this.headers = headers; this.httpBody = httpBody; } function Extra(commands,extraInfo) { this.commands = commands; this.extraInfo = extraInfo; } function Commands(commandName,params) { this.commandName = commandName; this.params = params; } function JavascriptConfig(removeJavascript,loadInWebView,javaScript) { this.removeJavascript = removeJavascript; this.loadInWebView = loadInWebView; this.javaScript = javaScript; } function KeyValue(key,value) { this.key = key; this.value = value; } function Output(cellDesing,orientation,defaultLayout,paging,section,layout,data) { this.cellDesing = cellDesing; this.orientation = orientation; this.defaultLayout = defaultLayout; this.paging = paging; this.section = section; this.layout = layout; this.data = data; } function Section(sectionName,separator) { this.sectionName = sectionName; this.separator = separator; } function Layout(insets, visibleCellsWidthS,visibleCellsWidthM,visibleCellsWidthL, visibleCellsHeight, heightForVisibleCells, cellSize, ratio, constant, horizontalSpacing, verticalSpacing) { this.insets = insets; this.visibleCellsWidthS = visibleCellsWidthS; this.visibleCellsWidthM = visibleCellsWidthM; this.visibleCellsWidthL = visibleCellsWidthL; this.visibleCellsHeight = visibleCellsHeight; this.heightForVisibleCells = heightForVisibleCells; this.cellSize = cellSize; this.ratio = ratio; this.constant = constant; this.horizontalSpacing = horizontalSpacing; this.verticalSpacing = verticalSpacing; } function Insets(top,bottom,left,right) { this.top = top; this.bottom = bottom; this.left = left; this.right = right; } function Size(width,height) { this.width = width; this.height = height; } function Ratio(inRelation,number1,number2) { this.inRelation = inRelation; this.number1 = number1; this.number2 = number2; } function Data(image,title,description,field1,field2,field3,field4,isChapter,link,openInWebView) { this.image = image; this.title = title; this.description = description; this.field1 = field1; this.field2 = field2; this.field3 = field3; this.field4 = field4; this.isChapter = isChapter; this.link = link; this.openInWebView = openInWebView; } function quickData(link,image,title,field1,desc) { return new Data(image,title,desc,field1,'unknown','unknown','unknown',false,link); } function shuffle(a) { var j, x, i; for (i = a.length - 1; i > 0; i--) { j = Math.floor(Math.random() * (i + 1)); x = a[i]; a[i] = a[j]; a[j] = x; } return a; } var savedData = document.getElementById('ketsu-final-data'); var parsedJson = JSON.parse(savedData.innerHTML); let output = []; let emptyKeyValue = [new KeyValue('','')]; let arrayData = document.querySelector('.results').querySelectorAll('figure'); let dataArray = []; for (recipie of arrayData) { let buttonText = recipie.querySelectorAll('a')[1].textContent; console.log(buttonText); if (buttonText.includes('View the Recipe')) { let image = 'https://www.cuisineathome.com' + recipie.querySelector('img').src; image = new ModuleRequest(image,'get',emptyKeyValue,null); let link = 'https://www.cuisineathome.com' + recipie.querySelector('a').href; link = new ModuleRequest(link,'get',emptyKeyValue,null); let title = recipie.querySelector('h2').textContent; let desc = recipie.querySelector('.md-10').querySelector('p').textContent; dataArray.push(new Data(image,title,desc,'Recipie','Recipie','Recipie','Recipie',false,link)); } } var testLayout = new Layout(new Insets(10,10,10,10),1,2,3,1,500,new Size(400,400),new Ratio('width',4,11),new Size(0,0),10,10); output.push(new Output(CellDesings.wide11,Orientation.vertical,DefaultLayouts.none,Paging.none,new Section('',false),testLayout,dataArray)); let searchPageObject = new Search(new ModuleRequest('','',emptyKeyValue,null),new Extra([new Commands('',emptyKeyValue)],emptyKeyValue),'',new JavascriptConfig(true,false,''),output); var finalJson = JSON.stringify(searchPageObject); savedData.innerHTML = finalJson;"
      },
      "output": [
        {
          "cellDesing": "normal1",
          "orientation": "vertical",
          "defaultLayout": "wide",
          "paging": "",
          "section": {
            "sectionName": "",
            "separator": false
          },
          "layout": {
            "insets": {
              "top": 0,
              "bottom": 0,
              "left": 0,
              "right": 0
            },
            "visibleCellsWidthS": 2,
            "visibleCellsWidthM": 2,
            "visibleCellsWidthL": 2,
            "visibleCellsHeight": 2,
            "heightForVisibleCells": 400,
            "cellSize": {
              "width": 300,
              "height": 300
            },
            "ratio": {
              "inRelation": "width",
              "number1": 1,
              "number2": 2
            },
            "constant": {
              "width": 1,
              "height": 2
            },
            "horizontalSpacing": 0,
            "verticalSpacing": 0
          },
          "data": [
            {
              "image": {
                "url": "",
                "method": "get",
                "headers": [
                  {
                    "key": "",
                    "value": ""
                  }
                ],
                "httpBody": null
              },
              "title": "",
              "description": "",
              "field1": "",
              "field2": "",
              "field3": "",
              "field4": "",
              "openInWebView" : false,
              "isChapter": false,
              "link": {
                "url": "empty",
                "method": "get",
                "headers": [
                  {
                    "key": "key",
                    "value": "value"
                  }
                ],
                "httpBody": null
              }
            }
          ]
        }
      ]
    }
  ],
  "info": [
    {
      "request": {
        "url": "",
        "method": "get",
        "headers": [
          {
            "key": "",
            "value": ""
          }
        ],
        "httpBody": null
      },
      "extra": {
        "commands": [
          {
            "commandName": "",
            "params": [
              {
                "key": "",
                "value": ""
              }
            ]
          }
        ],
        "extraInfo": [
          {
            "key": "",
            "value": ""
          }
        ]
      },
      "javascriptConfig": {
        "removeJavascript": true,
        "loadInWebView": false,
        "javaScript": "function Info(request, extra, javascriptConfig, output) { this.request = request; this.extra = extra; this.javascriptConfig = javascriptConfig; this.output = output;}function ModuleRequest(url, method, headers, httpBody) { this.url = url; this.method = method; this.headers = headers; this.httpBody = httpBody;}function Extra(commands, extraInfo) { this.commands = commands; this.extraInfo = extraInfo;}function Commands(commandName, params) { this.commandName = commandName; this.params = params;}function JavascriptConfig(removeJavascript, loadInWebView, javaScript) { this.removeJavascript = removeJavascript; this.loadInWebView = loadInWebView; this.javaScript = javaScript;}function KeyValue(key, value) { this.key = key; this.value = value;}function Chapter(chapName, link,openInWebView) { this.chapName = chapName; this.link = link; this.openInWebView = openInWebView;}function Output(image, title, link, description, genres, field1, field2, field3, field4, chapters) { this.image = image; this.link = link; this.title = title; this.description = description; this.genres = genres; this.field1 = field1; this.field2 = field2; this.field3 = field3; this.field4 = field4; this.chapters = chapters;}function getStuff(array,match) { for (var x = 0 ; x< array.length;x++) { let data = array[x].innerText; if (data.includes(match)) { return data.replace(match,'').trim(); } } }function getHtmlStuff(array,match) { for (var x = 0 ; x< array.length;x++) { let data = array[x].innerText; if (data.includes(match)) { return array[x]; } }}var savedData = document.getElementById('ketsu-final-data');var parsedJson = JSON.parse(savedData.innerHTML);let emptyKeyValue = [new KeyValue('', '')];var episodes = [];var field1 = 'empty';var field2 = 'Unknown';var field3 = '';var field4 = '';var genres = [];var desc = '';var title = '';var image = '';var genresArray = [];let scripts = document.querySelectorAll('p');for (script of scripts) { let scriptText = script.textContent; if (scriptText.includes('http://schema.org')) { let recipiesJson = JSON.parse(scriptText); console.log(recipiesJson); title = recipiesJson.name; image = recipiesJson.image; image = new ModuleRequest(image,'get',emptyKeyValue,null); desc = document.querySelector('.recipe-desc').textContent.split(recipiesJson.name)[2].trim(); genres = ['Fat ' + recipiesJson.nutrition.fatContent,'Fiber ' + recipiesJson.nutrition.fiberContent,'Prot ' + recipiesJson.nutrition.proteinContent]; field1 = `Calories ${recipiesJson.nutrition.calories}`; field2 = `${recipiesJson.nutrition.servingSize}`; console.log(recipiesJson.name); break; }}var episodes = [new Chapter('View Recipie',parsedJson.request,false),new Chapter('Visit Website',parsedJson.request,true)];let infoPageObject = new Info(new ModuleRequest('', '', emptyKeyValue, null), new Extra([new Commands('', emptyKeyValue)], emptyKeyValue), new JavascriptConfig(false, false, ''), new Output(image, title, parsedJson.request, desc, genres, field1, field2, field3, field4, episodes));var finalJson = JSON.stringify(infoPageObject);savedData.innerHTML = finalJson;"
      },
      "output": {
        "image": {
          "url": "",
          "method": "get",
          "headers": [
            {
              "key": "",
              "value": ""
            }
          ],
          "httpBody": null
        },
        "link": {
          "url": "",
          "method": "get",
          "headers": [
            {
              "key": "",
              "value": ""
            }
          ],
          "httpBody": null
        },
        "title": "",
        "description": "",
        "genres": [
          ""
        ],
        "field1": "",
        "field2": "",
        "field3": "",
        "field4": "",
        "chapters": [
          {
            "chapName": "",
            "openInWebView": false,
            "link": {
              "url": "empty",
              "method": "get",
              "headers": [
                {
                  "key": "key",
                  "value": "value"
                }
              ],
              "httpBody": null
            }
          }
        ]
      }
    }
  ],
  "chapters": [
    {
      "request": {
        "url": "",
        "method": "get",
        "headers": [
          {
            "key": "key",
            "value": "value"
          }
        ],
        "httpBody": null
      },
      "extra": {
        "commands": [
          {
            "commandName": "",
            "params": [
              {
                "key": "",
                "value": ""
              }
            ]
          }
        ],
        "extraInfo": [
          {
            "key": "",
            "value": ""
          }
        ]
      },
      "javascriptConfig": {
        "removeJavascript": true,
        "loadInWebView": false,
        "javaScript": " function Chapters(request, extra, javascriptConfig, output) { this.request = request; this.extra = extra; this.javascriptConfig = javascriptConfig; this.output = output; } function ModuleRequest(url, method, headers, httpBody) { this.url = url; this.method = method; this.headers = headers; this.httpBody = httpBody; } function Extra(commands, extraInfo) { this.commands = commands; this.extraInfo = extraInfo; } function Commands(commandName, params) { this.commandName = commandName; this.params = params; } function JavascriptConfig(removeJavascript, loadInWebView, javaScript) { this.removeJavascript = removeJavascript; this.loadInWebView = loadInWebView; this.javaScript = javaScript; } function KeyValue(key, value) { this.key = key; this.value = value; } function Output( videos, images, text) { this.videos = videos; this.images = images; this.text = text; } function Videos(needsResolver, rawVideo) { this.needsResolver = needsResolver; this.rawVideo = rawVideo; } function NeedsResolver(resolverIdentifier, link) { this.resolverIdentifier = resolverIdentifier; this.link = link; } function RawVideo(video) { this.video = video; } function Video(videoQuality, videoLink) { this.videoQuality = videoQuality; this.videoLink = videoLink; } function Text(text) { this.text = text; } var output = []; var savedData = document.getElementById('ketsu-final-data'); var parsedJson = JSON.parse(savedData.innerHTML); var emptyKeyValue = [new KeyValue('', '')]; let text = 'INGREDIENTS\\n\\n{ingredients}\\n\\n\\nINSTRUCTIONS\\n\\n{instructions}'; let scripts = document.querySelectorAll('p'); for (script of scripts) { let scriptText = script.textContent; if (scriptText.includes('http://schema.org')) { let recipiesJson = JSON.parse(scriptText); console.log(recipiesJson); let ingredients = recipiesJson.ingredients.join('\\n\\n'); text = text.replace('{ingredients}',ingredients); let instructions = []; for (instruction of recipiesJson.recipeInstructions) { instructions.push(instruction.text); } instructions = instructions.join('\\n\\n'); text = text.replace('{instructions}',instructions); break; }} let emptyExtra = new Extra([new Commands('', emptyKeyValue)], emptyKeyValue); var chaptersObject = new Chapters(new ModuleRequest('', '', emptyKeyValue, null), emptyExtra, new JavascriptConfig(false, false, ''), new Output(null, null, new Text(text))); var finalJson = JSON.stringify(chaptersObject); savedData.innerHTML = finalJson;"
      },
      "output": {
        "videos": {
          "needsResolver": [
            {
              "resolverIdentifier": "",
              "link": {
                "url": "",
                "method": "get",
                "headers": [
                  {
                    "key": "key",
                    "value": "value"
                  }
                ],
                "httpBody": null
              }
            }
          ],
          "rawVideo": [
            {
              "video": [
                {
                  "videoQuality": "",
                  "videoLink": {
                    "url": "http://commondatastorage.googleapis.com/gtv-videos-bucket/sample/BigBuckBunny.mp4",
                    "method": "get",
                    "headers": [
                      {
                        "key": "key",
                        "value": "value"
                      }
                    ],
                    "httpBody": null
                  }
                }
              ]
            }
          ]
        },
        "images": [
          {
            "url": "empty",
            "method": "get",
            "headers": [
              {
                "key": "key",
                "value": "value"
              }
            ],
            "httpBody": null
          }
        ],
        "text": {
          "text": ""
        }
      }
    }
  ],
  "moduleResolvers": [
    {
      "resolverInfo": {
        "resolverName": "",
        "nameMatches": [
          ""
        ],
        "developer": "",
        "moduleID": "",
        "resolverVersion": 1,
        "baseURL": ""
      },
      "resolver": [
        {
          "request": {
            "url": "",
            "method": "get",
            "headers": [
              {
                "key": "key",
                "value": "value"
              }
            ],
            "httpBody": null
          },
          "extra": {
            "commands": [
              {
                "commandName": "",
                "params": [
                  {
                    "key": "",
                    "value": ""
                  }
                ]
              }
            ],
            "extraInfo": [
              {
                "key": "",
                "value": ""
              }
            ]
          },
          "javascriptConfig": {
            "removeJavascript": false,
            "loadInWebView": false,
            "javaScript": ""
          },
          "output": {
            "moduleID": "",
            "video": [
              {
                "videoQuality": "720",
                "videoLink": {
                  "url": "http://commondatastorage.googleapis.com/gtv-videos-bucket/sample/BigBuckBunny.mp4",
                  "method": "get",
                  "headers": [
                    {
                      "key": "key",
                      "value": "value"
                    }
                  ],
                  "httpBody": null
                }
              }
            ]
          }
        }
      ]
    }
  ],
  "responseCodeFunctions": [
    {
      "code": 0,
      "msgTitle": "",
      "msgBody": "",
      "type": "normal",
      "functions": [
        {
          "request": {
            "url": "empty",
            "method": "get",
            "headers": [
              {
                "key": "key",
                "value": "value"
              }
            ],
            "httpBody": null
          },
          "extra": {
            "commands": [
              {
                "commandName": "",
                "params": [
                  {
                    "key": "",
                    "value": ""
                  }
                ]
              }
            ],
            "extraInfo": [
              {
                "key": "",
                "value": ""
              }
            ]
          },
          "javascriptConfig": {
            "removeJavascript": true,
            "loadInWebView": false,
            "javaScript": ""
          }
        }
      ]
    }
  ],
  "helperFunctions": [
    {
      "functionName": "example",
      "msgTitle": "",
      "msgBody": "",
      "type": "normal",
      "functions": [
        {
          "request": {
            "url": "empty",
            "method": "get",
            "headers": [
              {
                "key": "key",
                "value": "value"
              }
            ],
            "httpBody": null
          },
          "extra": {
            "commands": [
              {
                "commandName": "",
                "params": [
                  {
                    "key": "",
                    "value": ""
                  }
                ]
              }
            ],
            "extraInfo": [
              {
                "key": "",
                "value": ""
              }
            ]
          },
          "javascriptConfig": {
            "removeJavascript": true,
            "loadInWebView": false,
            "javaScript": ""
          }
        }
      ]
    }
  ]
}
