{
  "moduleInfo": {
    "moduleName": "VostFree",
    "moduleInitials": "VF",
    "moduleDesc": "Module Kestu pour VostFree",
    "developer": "ナビル",
    "moduleID": "15151615165165",
    "moduleImage": "https://i.imgur.com/AYyMYiE.png",
    "moduleVersion": 1.3,
    "moduleLenguage": "FR",
    "moduleType": "Video",
    "baseURL": "https://vostfree.com/",
    "moduleDeveloperSite": "https://mprotmod.github.io/Modules-KETSU/",
    "UpdateSite": "https://raw.githubusercontent.com/mprotmod/Modules-KETSU/main/Module%20Parser%20KETSU/VostFree/moduleTemplate.json",
    "preferedServer": "UQLOAD",
    "preferedDownloadServer": "UQLOAD",
    "blackListed": [
      ""
    ]
  },
  "global": {
    "variables": [
      {
        "key": "",
        "value": ""
      }
    ],
    "cookies": [
      {
        "key": "",
        "value": ""
      }
    ],
    "headers": [
      {
        "key": "",
        "value": ""
      }
    ]
  },
  "mainPage": [
    {
      "request": {
        "url": "https://vostfree.com/",
        "method": "get",
        "headers": [
          {
            "key": "",
            "value": ""
          }
        ],
        "httpBody": null
      },
      "extra": {
        "commands": [
          {
            "commandName": "",
            "params": [
              {
                "key": "",
                "value": ""
              }
            ]
          }
        ],
        "extraInfo": [
          {
            "key": "",
            "value": ""
          }
        ]
      },
      "javascriptConfig": {
        "removeJavascript": true,
        "loadInWebView": false,
        "javaScript": "const DefaultLayouts = {ultraWideFull: 'ultraWideFull',ultraWide: 'ultraWide',wideFull: 'wideFull',wide: 'wide',wideStrechedFull: 'wideStrechedFull',wideStrechedFullDouble: 'WideStrechedFullDouble',wideStreched: 'wideStreched',wideStrechedDouble: 'wideStrechedDouble',wideStrechedFullList: 'wideStrechedFullList',wideStrechedList: 'wideStrechedList',doublets: 'doublets',doubletsDouble: 'doubletsDouble',doubletsFull: 'doubletsFull',doubletsFullDouble: 'doubletsFullDouble',doubletsConstant: 'doubletsConstant',doubletsDoubleConstant: 'doubletsDoubleConstant',doubletsFullConstant: 'doubletsFullConstant',doubletsFullDoubleConstant: 'doubletsFullDoubleConstant',longDoublets: 'longDoublets',longDoubletsDouble: 'longDoubletsDouble',longDoubletsFull: 'longDoubletsFull',longDoubletsFullDouble: 'longDoubletsFullDouble',longDoubletsConstant: 'longDoubletsConstant',longDoubletsDoubleConstant: 'longDoubletsDoubleConstant',longDoubletsFullConstant: 'longDoubletsFullConstant',longDoubletsFullDoubleConstant: 'longDoubletsFullDoubleConstant',triplets: 'triplets',tripletsDouble: 'tripletsDouble',tripletsFull: 'tripletsFull',tripletsFullDouble: 'tripletsFullDouble',tripletsConstant: 'tripletsConstant',tripletsDoubleConstant: 'tripletsDoubleConstant',tripletsFullConstant: 'tripletsFullConstant',tripletsFullDoubleConstant: 'tripletsFullDoubleConstant',longTriplets: 'longTriplets',longTripletsDouble: 'longTripletsDouble',longTripletsFull: 'longTripletsFull',longTripletsFullDouble: 'longTripletsFullDouble',longTripletsConstant: 'longTripletsConstant',longTripletsDoubleConstant: 'longTripletsDoubleConstant',longTripletsFullConstant: 'longTripletsFullConstant',longTripletsFullDoubleConstant: 'longTripletsFullDoubleConstant',none: ''};const CellDesings = {Special1: 'Special1',Special2: 'Special2',Special3: 'Special3',CELLHelperText: 'CELLHelperText',small1: 'small1',small2: 'small2',normal1: 'normal1',normal2: 'normal2',normal3: 'normal3',normal4: 'normal4',normal5: 'normal5',normal6: 'normal6',normal7: 'normal7',wide1: 'wide1',wide2: 'wide2',wide3: 'wide3',wide4: 'wide4',wide5: 'wide5',wide6: 'wide6',wide7: 'wide7',wide8: 'wide8',wide9: 'wide9',wide10: 'wide10',wide11: 'wide11'};const Paging = {leading: 'leading',centered: 'centered',none: ''};const Orientation = {horizontal: 'horizontal',vertical: 'vertical'}; function MainPage(request, extra, javascriptConfig, output) {this.request = request;this.extra = extra;this.javascriptConfig = javascriptConfig;this.output = output;} function ModuleRequest(url, method, headers, httpBody) {this.url = url;this.method = method;this.headers = headers;this.httpBody = httpBody;} function Extra(commands, extraInfo) {this.commands = commands;this.extraInfo = extraInfo;} function Commands(commandName, params) {this.commandName = commandName;this.params = params;} function JavascriptConfig(removeJavascript, loadInWebView, javaScript) {this.removeJavascript = removeJavascript;this.loadInWebView = loadInWebView;this.javaScript = javaScript;} function KeyValue(key, value) {this.key = key;this.value = value;} function Output(cellDesing, orientation, defaultLayout, paging, section, layout, data) {this.cellDesing = cellDesing;this.orientation = orientation;this.defaultLayout = defaultLayout;this.paging = paging;this.section = section;this.layout = layout;this.data = data;} function Section(sectionName, separator) {this.sectionName = sectionName;this.separator = separator;} function Layout(insets, visibleCellsWidthS, visibleCellsWidthM, visibleCellsWidthL, visibleCellsHeight, heightForVisibleCells, cellSize, ratio, constant, horizontalSpacing, verticalSpacing) {this.insets = insets;this.visibleCellsWidthS = visibleCellsWidthS;this.visibleCellsWidthM = visibleCellsWidthM;this.visibleCellsWidthL = visibleCellsWidthL;this.visibleCellsHeight = visibleCellsHeight;this.heightForVisibleCells = heightForVisibleCells;this.cellSize = cellSize;this.ratio = ratio;this.constant = constant;this.horizontalSpacing = horizontalSpacing;this.verticalSpacing = verticalSpacing;} function Insets(top, bottom, left, right) {this.top = top;this.bottom = bottom;this.left = left;this.right = right;} function Size(width, height) {this.width = width;this.height = height;} function Ratio(inRelation, number1, number2) {this.inRelation = inRelation;this.number1 = number1;this.number2 = number2;} function Data(image, title, description, field1, field2, field3, field4, isChapter, link, openInWebView) {this.image = image;this.title = title;this.description = description;this.field1 = field1;this.field2 = field2;this.field3 = field3;this.field4 = field4;this.isChapter = isChapter;this.link = link;this.openInWebView = openInWebView;} function quickData(link, image, title, field1) {return new Data(image, title, 'unknown', field1, 'unknown', 'unknown', 'unknown', false, link);} function shuffle(a) {var j, x, i;for(i = a.length - 1; i > 0; i--) {j = Math.floor(Math.random() * (i + 1));x = a[i];a[i] = a[j];a[j] = x;}return a;}var savedData = document.getElementById('ketsu-final-data');var parsedJson = JSON.parse(savedData.innerHTML);let output = [];let emptyKeyValue = [new KeyValue('', '')];var baseURL = 'https://vostfree.com';var dataArray = [];var dataArray2 = [];var dataArray3 = [];topList = document.querySelector('#content').querySelectorAll('.block.half.last .new-episode');for(var x = 0; x < topList.length; x++) {let list = topList[x];let title = list.querySelector('.block.half.last .new-episode a').innerText.replace('VOSTFR', '');var link = list.querySelector('.last .new-episode a').href;link = new ModuleRequest(link, 'get', emptyKeyValue, null);var image = baseURL + list.querySelector('.last .new-episode img').src;image = new ModuleRequest(image, 'get', emptyKeyValue, null);var ep = list.querySelector('.block.half.last .new-episode .episode').innerText;var finalData = new Data(image, title, 'unknown', ep, 'unknown', 'unknown', 'unknown', false, link);dataArray.push(finalData);}dataArray2 = [];films = document.querySelector('#featured-slider').querySelectorAll('.featured-slider-block') ;for(var x = 0; x < films.length; x++) {let list = films[x];let title = list.querySelector('.featured-slider-block h2').textContent.replace('VOSTFR','').replace('FRENCH','');var link = list.querySelector('.featured-slider-block a').href;link = new ModuleRequest(link, 'get', emptyKeyValue, null);var image = baseURL + list.querySelector('.featured-slider-block img').src;image = new ModuleRequest(image, 'get', emptyKeyValue, null);var type = list.querySelector('.movie-present-slide .quality').textContent.trim();var finalData = new Data(image, title,'','', type,'','', false, link);dataArray2.push(finalData);}dataArray3 = [];animesfr = document.querySelector('.home-anime .block.half').querySelectorAll('.new-episode');for(var x = 0; x < animesfr.length; x++) {let list = animesfr[x];let title = list.querySelector('.block.half .new-episode a').innerText.replace('FRENCH', '');var link = list.querySelector('.block.half .new-episode a').href;link = new ModuleRequest(link, 'get', emptyKeyValue, null);var image = baseURL + list.querySelector('.block.half .new-episode img').src;image = new ModuleRequest(image, 'get', emptyKeyValue, null);var ep = list.querySelector('.block.half .new-episode .episode').innerText;var finalData = new Data(image, title, 'unknown', ep, 'unknown', 'unknown', 'unknown', false, link);dataArray3.push(finalData);}output.push(new Output(CellDesings.normal5, Orientation.horizontal, DefaultLayouts.wide, Paging.leading, new Section('Top Films : ', true), null, dataArray2));output.push(new Output(CellDesings.normal2,Orientation.horizontal,DefaultLayouts.longTripletsDouble,Paging.leading, new Section('Derniers épisodes VOSTFR', true), null, dataArray));output.push(new Output(CellDesings.normal2,Orientation.horizontal,DefaultLayouts.longTripletsDouble,Paging.leading, new Section('Derniers épisodes VF', true), null, dataArray3));let MainPageObject = new MainPage(new ModuleRequest('', 'get', emptyKeyValue, null), new Extra([new Commands('', emptyKeyValue)], emptyKeyValue), new JavascriptConfig(true, false, ''), output);var finalJson = JSON.stringify(MainPageObject);savedData.innerHTML = finalJson;"
      },
      "output": [
        {
          "cellDesing": "normal1",
          "orientation": "vertical",
          "defaultLayout": "wide",
          "paging": "",
          "section": {
            "sectionName": "",
            "separator": false
          },
          "layout": {
            "insets": {
              "top": 0,
              "bottom": 0,
              "left": 0,
              "right": 0
            },
            "visibleCellsWidthS": 2,
            "visibleCellsWidthM": 2,
            "visibleCellsWidthL": 2,
            "visibleCellsHeight": 2,
            "heightForVisibleCells": 400,
            "cellSize": {
              "width": 300,
              "height": 300
            },
            "ratio": {
              "inRelation": "width",
              "number1": 1,
              "number2": 2
            },
            "constant": {
              "width": 1,
              "height": 2
            },
            "horizontalSpacing": 0,
            "verticalSpacing": 0
          },
          "data": [
            {
              "image": {
                "url": "",
                "method": "get",
                "headers": [
                  {
                    "key": "",
                    "value": ""
                  }
                ],
                "httpBody": null
              },
              "title": "",
              "description": "",
              "field1": "",
              "field2": "",
              "field3": "",
              "field4": "",
              "openInWebView" : false,
              "isChapter": false,
              "link": {
                "url": "",
                "method": "",
                "headers": [
                  {
                    "key": "",
                    "value": ""
                  }
                ],
                "httpBody": null
              }
            }
          ]
        }
      ]
    }
  ],
  "search": [
    {
      "request": {
        "url": "https://vostfree.com/index.php?do=search&subaction=search&story=<searched>&submit=Submit",
        "method": "post",
        "headers": [
          {
            "key": "",
            "value": ""
          }
        ],
        "httpBody": null
      },
      "separator": "%20",
      "extra": {
        "commands": [
          {
            "commandName": "",
            "params": [
              {
                "key": "",
                "value": ""
              }
            ]
          }
        ],
        "extraInfo": [
          {
            "key": "",
            "value": ""
          }
        ]
      },
      "javascriptConfig": {
        "removeJavascript": true,
        "loadInWebView": false,
        "javaScript": "const DefaultLayouts = { ultraWideFull : 'ultraWideFull', ultraWide : 'ultraWide', wideFull : 'wideFull', wide : 'wide', wideStrechedFull : 'wideStrechedFull', wideStrechedFullDouble : 'WideStrechedFullDouble', wideStreched : 'wideStreched', wideStrechedDouble : 'wideStrechedDouble', wideStrechedFullList : 'wideStrechedFullList', wideStrechedList : 'wideStrechedList', doublets : 'doublets', doubletsDouble : 'doubletsDouble', doubletsFull : 'doubletsFull', doubletsFullDouble : 'doubletsFullDouble', doubletsConstant : 'doubletsConstant', doubletsDoubleConstant : 'doubletsDoubleConstant', doubletsFullConstant : 'doubletsFullConstant', doubletsFullDoubleConstant : 'doubletsFullDoubleConstant', longDoublets : 'longDoublets', longDoubletsDouble : 'longDoubletsDouble', longDoubletsFull : 'longDoubletsFull', longDoubletsFullDouble : 'longDoubletsFullDouble', longDoubletsConstant : 'longDoubletsConstant', longDoubletsDoubleConstant : 'longDoubletsDoubleConstant', longDoubletsFullConstant : 'longDoubletsFullConstant', longDoubletsFullDoubleConstant : 'longDoubletsFullDoubleConstant', triplets : 'triplets', tripletsDouble : 'tripletsDouble', tripletsFull : 'tripletsFull', tripletsFullDouble : 'tripletsFullDouble', tripletsConstant : 'tripletsConstant', tripletsDoubleConstant : 'tripletsDoubleConstant', tripletsFullConstant : 'tripletsFullConstant', tripletsFullDoubleConstant : 'tripletsFullDoubleConstant', longTriplets : 'longTriplets', longTripletsDouble : 'longTripletsDouble', longTripletsFull : 'longTripletsFull', longTripletsFullDouble : 'longTripletsFullDouble', longTripletsConstant : 'longTripletsConstant', longTripletsDoubleConstant : 'longTripletsDoubleConstant', longTripletsFullConstant : 'longTripletsFullConstant', longTripletsFullDoubleConstant : 'longTripletsFullDoubleConstant', none: '' }; const CellDesings = { Special1 : 'Special1', Special2 : 'Special2', Special3 : 'Special3', CELLHelperText : 'CELLHelperText', small1 : 'small1', small2 : 'small2', normal1 : 'normal1', normal2 : 'normal2', normal3 : 'normal3', normal4 : 'normal4', normal5 : 'normal5', normal6 : 'normal6', normal7 : 'normal7', wide1 : 'wide1', wide2 : 'wide2', wide3 : 'wide3', wide4 : 'wide4', wide5 : 'wide5', wide6 : 'wide6', wide7 : 'wide7', wide8 : 'wide8', wide9 : 'wide9', wide10 : 'wide10', wide11 : 'wide11' }; const Paging = { leading : 'leading', centered : 'centered', none : '' }; const Orientation = { horizontal : 'horizontal', vertical : 'vertical' }; function Search(request,extra,separator,javascriptConfig,output) { this.request = request; this.extra = extra; this.separator = separator; this.javascriptConfig = javascriptConfig; this.output = output; } function ModuleRequest(url,method,headers,httpBody) { this.url = url; this.method = method; this.headers = headers; this.httpBody = httpBody; } function Extra(commands,extraInfo) { this.commands = commands; this.extraInfo = extraInfo; } function Commands(commandName,params) { this.commandName = commandName; this.params = params; } function JavascriptConfig(removeJavascript,loadInWebView,javaScript) { this.removeJavascript = removeJavascript; this.loadInWebView = loadInWebView; this.javaScript = javaScript; } function KeyValue(key,value) { this.key = key; this.value = value; } function Output(cellDesing,orientation,defaultLayout,paging,section,layout,data) { this.cellDesing = cellDesing; this.orientation = orientation; this.defaultLayout = defaultLayout; this.paging = paging; this.section = section; this.layout = layout; this.data = data; } function Section(sectionName,separator) { this.sectionName = sectionName; this.separator = separator; } function Layout(insets, visibleCellsWidthS,visibleCellsWidthM,visibleCellsWidthL, visibleCellsHeight, heightForVisibleCells, cellSize, ratio, constant, horizontalSpacing, verticalSpacing) { this.insets = insets; this.visibleCellsWidthS = visibleCellsWidthS; this.visibleCellsWidthM = visibleCellsWidthM; this.visibleCellsWidthL = visibleCellsWidthL; this.visibleCellsHeight = visibleCellsHeight; this.heightForVisibleCells = heightForVisibleCells; this.cellSize = cellSize; this.ratio = ratio; this.constant = constant; this.horizontalSpacing = horizontalSpacing; this.verticalSpacing = verticalSpacing; } function Insets(top,bottom,left,right) { this.top = top; this.bottom = bottom; this.left = left; this.right = right; } function Size(width,height) { this.width = width; this.height = height; } function Ratio(inRelation,number1,number2) { this.inRelation = inRelation; this.number1 = number1; this.number2 = number2; } function Data(image,title,description,field1,field2,field3,field4,isChapter,link,openInWebView) { this.image = image; this.title = title; this.description = description; this.field1 = field1; this.field2 = field2; this.field3 = field3; this.field4 = field4; this.isChapter = isChapter; this.link = link; this.openInWebView = openInWebView; } function quickData(link,image,title,field1) { return new Data(image,title,'unknown',field1,'unknown','unknown','unknown',false,link); } function shuffle(a) { var j, x, i; for (i = a.length - 1; i > 0; i--) { j = Math.floor(Math.random() * (i + 1)); x = a[i]; a[i] = a[j]; a[j] = x; } return a; } var savedData = document.getElementById('ketsu-final-data'); var parsedJson = JSON.parse(savedData.innerHTML); let output = []; let emptyKeyValue = [new KeyValue('','')]; var baseURL= 'https://vostfree.com'; var lastAdded = document.querySelector('#content').querySelectorAll('.search-result'); let lastAddedArray = []; for (var x = 0; x < lastAdded.length;x++) { try { let list = lastAdded[x]; let title = list.querySelector('.title').innerText.replace('VOSTFR','').replace('FRENCH',''); var link = list.querySelector('.title a').href; link = new ModuleRequest(link,'get',emptyKeyValue,null); var image = baseURL + list.querySelector('.image img').src; image = new ModuleRequest(image,'get',emptyKeyValue,null); var ep = ''; var type = list.querySelector('.additional .type').textContent.replace('Animes VOSTFR,','').replace('Animes VF,','').replace(' Genre:',''); var type1 = list.querySelector('.additional .type a').textContent.replace('Animes','') ; var finalData = new Data(image,title,ep,type,type1,'unknown','unknown',false,link); lastAddedArray.push(finalData); } catch (e) {} } var testLayout = new Layout(new Insets(10,10,10,10),1,2,3,1,500,new Size(400,400),new Ratio('width',4,11),new Size(0,0),10,10); output.push(new Output(CellDesings.wide11,Orientation.vertical,DefaultLayouts.none,Paging.none,new Section('',false),testLayout,lastAddedArray));; let searchPageObject = new Search(new ModuleRequest('','',emptyKeyValue,null),new Extra([new Commands('',emptyKeyValue)],emptyKeyValue),'',new JavascriptConfig(true,false,''),output); var finalJson = JSON.stringify(searchPageObject); savedData.innerHTML = finalJson;"
      },
      "output": [
        {
          "cellDesing": "normal1",
          "orientation": "vertical",
          "defaultLayout": "wide",
          "paging": "",
          "section": {
            "sectionName": "",
            "separator": false
          },
          "layout": {
            "insets": {
              "top": 0,
              "bottom": 0,
              "left": 0,
              "right": 0
            },
            "visibleCellsWidthS": 2,
            "visibleCellsWidthM": 2,
            "visibleCellsWidthL": 2,
            "visibleCellsHeight": 2,
            "heightForVisibleCells": 400,
            "cellSize": {
              "width": 300,
              "height": 300
            },
            "ratio": {
              "inRelation": "width",
              "number1": 1,
              "number2": 2
            },
            "constant": {
              "width": 1,
              "height": 2
            },
            "horizontalSpacing": 0,
            "verticalSpacing": 0
          },
          "data": [
            {
              "image": {
                "url": "",
                "method": "get",
                "headers": [
                  {
                    "key": "",
                    "value": ""
                  }
                ],
                "httpBody": null
              },
              "title": "",
              "description": "",
              "field1": "",
              "field2": "",
              "field3": "",
              "field4": "",
              "openInWebView" : false,
              "isChapter": false,
              "link": {
                "url": "empty",
                "method": "get",
                "headers": [
                  {
                    "key": "key",
                    "value": "value"
                  }
                ],
                "httpBody": null
              }
            }
          ]
        }
      ]
    }
  ],
  "info": [
    {
      "request": {
        "url": "empty",
        "method": "get",
        "headers": [
          {
            "key": "",
            "value": ""
          }
        ],
        "httpBody": null
      },
      "extra": {
        "commands": [
          {
            "commandName": "",
            "params": [
              {
                "key": "",
                "value": ""
              }
            ]
          }
        ],
        "extraInfo": [
          {
            "key": "",
            "value": ""
          }
        ]
      },
      "javascriptConfig": {
        "removeJavascript": true,
        "loadInWebView": false,
        "javaScript": " function Info(request, extra, javascriptConfig, output) { this.request = request; this.extra = extra; this.javascriptConfig = javascriptConfig; this.output = output; } function ModuleRequest(url, method, headers, httpBody) { this.url = url; this.method = method; this.headers = headers; this.httpBody = httpBody; } function Extra(commands, extraInfo) { this.commands = commands; this.extraInfo = extraInfo; } function Commands(commandName, params) { this.commandName = commandName; this.params = params; } function JavascriptConfig(removeJavascript, loadInWebView, javaScript) { this.removeJavascript = removeJavascript; this.loadInWebView = loadInWebView; this.javaScript = javaScript; } function KeyValue(key, value) { this.key = key; this.value = value; } function Chapter(chapName, link,openInWebView) { this.chapName = chapName; this.link = link; this.openInWebView = openInWebView; } function Output(image, title, link, description, genres, field1, field2, field3, field4, chapters) { this.image = image; this.link = link; this.title = title; this.description = description; this.genres = genres; this.field1 = field1; this.field2 = field2; this.field3 = field3; this.field4 = field4; this.chapters = chapters; } function getStuff(array,match) { for (var x = 0 ; x< array.length;x++) { let data = array[x].innerText; if (data.includes(match)) { return data.replace(match,'').trim(); } } } function getHtmlStuff(array,match) { for (var x = 0 ; x< array.length;x++) { let data = array[x].innerText; if (data.includes(match)) { return array[x]; } } } var savedData = document.getElementById('ketsu-final-data'); var parsedJson = JSON.parse(savedData.innerHTML); let emptyKeyValue = [new KeyValue('', '')]; var episodes = []; var type = 'Anime'; var status = 'Unknown'; var genres = []; genres = Array.from(document.querySelectorAll('.slide-block > .slide-middle > ul > li > a')).map(g => g.innerText); var desc = ''; desc = document.querySelector('.slide-block > .slide-middle > .slide-desc').textContent.trim(); var image = ''; var title = ''; title = document.querySelector('.slide-block > .slide-middle > h1').innerHTML.replace('VOSTFR','').replace('FRENCH',''); image = 'https://vostfree.com/' + document.querySelector('.slide-block > .slide-poster > img').src; image = new ModuleRequest(image,'get',emptyKeyValue,null); var chapters = document.querySelectorAll('select.new_player_selector > option'); for (var x = 0; x < chapters.length; x++) { var element = chapters[x]; var getNum = element.value.split('_'); var episodeNum = getNum.length > 1 ? parseInt(getNum[1]) : 1; var fixedLink = parsedJson.request.url + '#' + episodeNum; let chapter = new Chapter('Episode ' + (x + 1),new ModuleRequest(fixedLink,'get',emptyKeyValue,null),false); episodes.push(chapter); } let infoPageObject = new Info(new ModuleRequest('', '', emptyKeyValue, null), new Extra([new Commands('', emptyKeyValue)], emptyKeyValue), new JavascriptConfig(false, false, ''), new Output(image, title, parsedJson.request, desc, genres, status, '', type, 'Eps: ' + episodes.length, episodes)); var finalJson = JSON.stringify(infoPageObject); savedData.innerHTML = finalJson;"
      },
      "output": {
        "image": {
          "url": "",
          "method": "get",
          "headers": [
            {
              "key": "",
              "value": ""
            }
          ],
          "httpBody": null
        },
        "link": {
          "url": "",
          "method": "get",
          "headers": [
            {
              "key": "",
              "value": ""
            }
          ],
          "httpBody": null
        },
        "title": "",
        "description": "",
        "genres": [
          ""
        ],
        "field1": "",
        "field2": "",
        "field3": "",
        "field4": "",
        "chapters": [
          {
            "chapName": "",
            "openInWebView": false,
            "link": {
              "url": "empty",
              "method": "get",
              "headers": [
                {
                  "key": "key",
                  "value": "value"
                }
              ],
              "httpBody": null
            }
          }
        ]
      }
    }
  ],
  "chapters": [
    {
      "request": {
        "url": "vide",
        "method": "get",
        "headers": [
          {
            "key": "key",
            "value": "value"
          }
        ],
        "httpBody": null
      },
      "extra": {
        "commands": [
          {
            "commandName": "",
            "params": [
              {
                "key": "",
                "value": ""
              }
            ]
          }
        ],
        "extraInfo": [
          {
            "key": "",
            "value": ""
          }
        ]
      },
      "javascriptConfig": {
        "removeJavascript": true,
        "loadInWebView": false,
        "javaScript": " function Chapters(request, extra, javascriptConfig, output) { this.request = request; this.extra = extra; this.javascriptConfig = javascriptConfig; this.output = output; } function ModuleRequest(url, method, headers, httpBody) { this.url = url; this.method = method; this.headers = headers; this.httpBody = httpBody; } function Extra(commands, extraInfo) { this.commands = commands; this.extraInfo = extraInfo; } function Commands(commandName, params) { this.commandName = commandName; this.params = params; } function JavascriptConfig(removeJavascript, loadInWebView, javaScript) { this.removeJavascript = removeJavascript; this.loadInWebView = loadInWebView; this.javaScript = javaScript; } function KeyValue(key, value) { this.key = key; this.value = value; } function Output( videos, images, text) { this.videos = videos; this.images = images; this.text = text; } function Videos(needsResolver, rawVideo) { this.needsResolver = needsResolver; this.rawVideo = rawVideo; } function NeedsResolver(resolverIdentifier, link) { this.resolverIdentifier = resolverIdentifier; this.link = link; } function RawVideo(video) { this.video = video; } function Video(videoQuality, videoLink) { this.videoQuality = videoQuality; this.videoLink = videoLink; } function Text(text) { this.text = text; } var output = []; var savedData = document.getElementById('ketsu-final-data'); var parsedJson = JSON.parse(savedData.innerHTML); var server = '' ; var player = ''; var emptyKeyValue = [new KeyValue('', '')];; let getFirstEp = document.querySelector('.new_player_selector > option').value.split('_'); let getEpisode = parsedJson.request.url.split('#'); let firstEpisode = getFirstEp.length > 1 ? getFirstEp[1] : 1; let episodeNumber = getEpisode.length > 1 ? getEpisode[1] : firstEpisode; episodeNumber = firstEpisode > episodeNumber ? firstEpisode : episodeNumber; var buttonBox = document.querySelectorAll('#buttons_' + episodeNumber + ' > div'); var providers = { 'new_player_myvi': 'https://myvi.ru/player/embed/html/[REPLACE]', 'new_player_gtv': 'https://iframedream.com/embed/[REPLACE].html', 'new_player_mp4': 'https://www.mp4upload.com/embed-[REPLACE].html', 'new_player_uqload': 'https://uqload.com/embed-[REPLACE].html', 'new_player_vidfast': 'http://vosmanga.tk/watch/[REPLACE]', 'new_player_verystream': 'https://verystream.com/e/[REPLACE]', 'new_player_rapids': 'https://rapidstream.co/embed-[REPLACE].html', 'new_player_cloudvideo': 'https://cloudvideo.tv/embed-[REPLACE].html', 'new_player_mytv': 'https://www.myvi.xyz/embed/[REPLACE]', 'new_player_uptostream': 'https://uptostream.com/iframe/[REPLACE]', 'new_player_fembed': 'https://www.fembed.com/v/[REPLACE].html', 'new_player_tune': 'https://tune.pk/player/embed_player.php?vid=[REPLACE]', 'new_player_sibnet': 'https://video.sibnet.ru/shell.php?videoid=[REPLACE]', 'new_player_netu': 'https://waaw.tv/watch_video.php?v=[REPLACE]', 'new_player_rutube': 'https://rutube.ru/play/embed/[REPLACE]', 'new_player_ok': 'https://www.ok.ru/videoembed/[REPLACE]', 'new_player_google': 'https://drive.google.com/open?id=[REPLACE]', 'new_player_mail': 'https://videoapi.my.mail.ru/videos/embed/mail/[REPLACE]', 'new_player_mail2': 'https://my.mail.ru/video/embed/[REPLACE]' }; for(var x = 0; x < buttonBox.length; x++) { var element = buttonBox[x]; var divId = element.id; var divClass = element.className; var player = document.querySelector('#content_' + divId); var link = ''; if(player) { player = player.innerText.trim(); if(providers.hasOwnProperty(divClass)) { link = providers[divClass].replace('[REPLACE]', player); } else { link = player; } }if(link.includes('https:')) { output.push(new NeedsResolver('', new ModuleRequest(link, 'get', emptyKeyValue, null)));}} let emptyExtra = new Extra([new Commands('', emptyKeyValue)], emptyKeyValue); var chaptersObject = new Chapters(new ModuleRequest('', '', emptyKeyValue, null), emptyExtra, new JavascriptConfig(false, false, ''), new Output(new Videos(output,null), null, null)); var finalJson = JSON.stringify(chaptersObject); savedData.innerHTML = finalJson;"
      },
      "output": {
        "videos": {
          "needsResolver": [
            {
              "resolverIdentifier": "",
              "link": {
                "url": "",
                "method": "get",
                "headers": [
                  {
                    "key": "key",
                    "value": "value"
                  }
                ],
                "httpBody": null
              }
            }
          ],
          "rawVideo": [
            {
              "video": [
                {
                  "videoQuality": "",
                  "videoLink": {
                    "url": "http://commondatastorage.googleapis.com/gtv-videos-bucket/sample/BigBuckBunny.mp4",
                    "method": "get",
                    "headers": [
                      {
                        "key": "key",
                        "value": "value"
                      }
                    ],
                    "httpBody": null
                  }
                }
              ]
            }
          ]
        },
        "images": [
          {
            "url": "empty",
            "method": "get",
            "headers": [
              {
                "key": "key",
                "value": "value"
              }
            ],
            "httpBody": null
          }
        ],
        "text": {
          "text": ""
        }
      }
    }
  ],
  "moduleResolvers": [
    {
      "resolverInfo": {
        "resolverName": "",
        "nameMatches": [
          ""
        ],
        "developer": "",
        "moduleID": "",
        "resolverVersion": 1,
        "baseURL": ""
      },
      "resolver": [
        {
          "request": {
            "url": "",
            "method": "get",
            "headers": [
              {
                "key": "key",
                "value": "value"
              }
            ],
            "httpBody": null
          },
          "extra": {
            "commands": [
              {
                "commandName": "",
                "params": [
                  {
                    "key": "",
                    "value": ""
                  }
                ]
              }
            ],
            "extraInfo": [
              {
                "key": "",
                "value": ""
              }
            ]
          },
          "javascriptConfig": {
            "removeJavascript": false,
            "loadInWebView": false,
            "javaScript": ""
          },
          "output": {
            "moduleID": "",
            "video": [
              {
                "videoQuality": "720",
                "videoLink": {
                  "url": "http://commondatastorage.googleapis.com/gtv-videos-bucket/sample/BigBuckBunny.mp4",
                  "method": "get",
                  "headers": [
                    {
                      "key": "key",
                      "value": "value"
                    }
                  ],
                  "httpBody": null
                }
              }
            ]
          }
        }
      ]
    }
  ],
  "responseCodeFunctions": [
    {
      "code": 0,
      "msgTitle": "",
      "msgBody": "",
      "type": "normal",
      "functions": [
        {
          "request": {
            "url": "empty",
            "method": "get",
            "headers": [
              {
                "key": "key",
                "value": "value"
              }
            ],
            "httpBody": null
          },
          "extra": {
            "commands": [
              {
                "commandName": "",
                "params": [
                  {
                    "key": "",
                    "value": ""
                  }
                ]
              }
            ],
            "extraInfo": [
              {
                "key": "",
                "value": ""
              }
            ]
          },
          "javascriptConfig": {
            "removeJavascript": true,
            "loadInWebView": false,
            "javaScript": ""
          }
        }
      ]
    }
  ],
  "helperFunctions": [
    {
      "functionName": "example",
      "msgTitle": "",
      "msgBody": "",
      "type": "normal",
      "functions": [
        {
          "request": {
            "url": "empty",
            "method": "get",
            "headers": [
              {
                "key": "key",
                "value": "value"
              }
            ],
            "httpBody": null
          },
          "extra": {
            "commands": [
              {
                "commandName": "",
                "params": [
                  {
                    "key": "",
                    "value": ""
                  }
                ]
              }
            ],
            "extraInfo": [
              {
                "key": "",
                "value": ""
              }
            ]
          },
          "javascriptConfig": {
            "removeJavascript": true,
            "loadInWebView": false,
            "javaScript": ""
          }
        }
      ]
    }
  ]
}
