
{
  "moduleInfo": {
    "moduleName": "KickAssAnime",
    "moduleInitials": "KAA",
    "moduleDesc": "Module to get data from KAA",
    "developer": "Noah G",
    "moduleID": "5329461468151828",
    "moduleImage": "https://i.pinimg.com/favicons/2e94b049fd9978816ce9ac58e85efe996ad69f2892c6b80a7f04f612.png?a1703fc8157113e3e657cd4093e68c0f",
    "moduleVersion": 1.5,
    "moduleLenguage": "ENG",
    "moduleType": "Video",
    "baseURL": "https://www2.kickassanime.ro/",
    "moduleDeveloperSite": "https://darkzcore.github.io/DarkLibrary/",
    "UpdateSite": "https://raw.githubusercontent.com/DarkZCore/DarkLibrary/master/Modules/KickAssAnime/module.json",
    "preferedServer": "PINK-BIRD",
    "preferedDownloadServer": "GOGO-PLAY",
    "blackListed": [
      ""
    ]
  },
  "global": {
    "variables": [
      {
        "key": "",
        "value": ""
      }
    ],
    "cookies": [
      {
        "key": "",
        "value": ""
      }
    ],
    "headers": [
      {
        "key": "",
        "value": ""
      }
    ]
  },
  "mainPage": [
    {
      "request": {
        "url": "https://www2.kickassanime.ro/",
        "method": "get",
        "headers": [
          {
            "key": "",
            "value": ""
          }
        ],
        "httpBody": null
      },
      "extra": {
        "commands": [
          {
            "commandName": "",
            "params": [
              {
                "key": "",
                "value": ""
              }
            ]
          }
        ],
        "extraInfo": [
          {
            "key": "",
            "value": ""
          }
        ]
      },
      "javascriptConfig": {
        "removeJavascript": false,
        "loadInWebView": false,
        "javaScript": "const DefaultLayouts = { ultraWideFull: 'ultraWideFull', ultraWide: 'ultraWide', wideFull: 'wideFull', wide: 'wide', wideStrechedFull: 'wideStrechedFull', wideStrechedFullDouble: 'WideStrechedFullDouble', wideStreched: 'wideStreched', wideStrechedDouble: 'wideStrechedDouble', wideStrechedFullList: 'wideStrechedFullList', wideStrechedList: 'wideStrechedList', doublets: 'doublets', doubletsDouble: 'doubletsDouble', doubletsFull: 'doubletsFull', doubletsFullDouble: 'doubletsFullDouble', doubletsConstant: 'doubletsConstant', doubletsDoubleConstant: 'doubletsDoubleConstant', doubletsFullConstant: 'doubletsFullConstant', doubletsFullDoubleConstant: 'doubletsFullDoubleConstant', longDoublets: 'longDoublets', longDoubletsDouble: 'longDoubletsDouble', longDoubletsFull: 'longDoubletsFull', longDoubletsFullDouble: 'longDoubletsFullDouble', longDoubletsConstant: 'longDoubletsConstant', longDoubletsDoubleConstant: 'longDoubletsDoubleConstant', longDoubletsFullConstant: 'longDoubletsFullConstant', longDoubletsFullDoubleConstant: 'longDoubletsFullDoubleConstant', triplets: 'triplets', tripletsDouble: 'tripletsDouble', tripletsFull: 'tripletsFull', tripletsFullDouble: 'tripletsFullDouble', tripletsConstant: 'tripletsConstant', tripletsDoubleConstant: 'tripletsDoubleConstant', tripletsFullConstant: 'tripletsFullConstant', tripletsFullDoubleConstant: 'tripletsFullDoubleConstant', longTriplets: 'longTriplets', longTripletsDouble: 'longTripletsDouble', longTripletsFull: 'longTripletsFull', longTripletsFullDouble: 'longTripletsFullDouble', longTripletsConstant: 'longTripletsConstant', longTripletsDoubleConstant: 'longTripletsDoubleConstant', longTripletsFullConstant: 'longTripletsFullConstant', longTripletsFullDoubleConstant: 'longTripletsFullDoubleConstant', none: ''};const CellDesings = { Special1: 'Special1', Special2: 'Special2', Special3: 'Special3', CELLHelperText: 'CELLHelperText', small1: 'small1', small2: 'small2', normal1: 'normal1', normal2: 'normal2', normal3: 'normal3', normal4: 'normal4', normal5: 'normal5', normal6: 'normal6', normal7: 'normal7', wide1: 'wide1', wide2: 'wide2', wide3: 'wide3', wide4: 'wide4', wide5: 'wide5', wide6: 'wide6', wide7: 'wide7', wide8: 'wide8', wide9: 'wide9', wide10: 'wide10', wide11: 'wide11'};const Paging = { leading: 'leading', centered: 'centered', none: ''};const Orientation = { horizontal: 'horizontal', vertical: 'vertical'};function MainPage(request, extra, javascriptConfig, output) { this.request = request; this.extra = extra; this.javascriptConfig = javascriptConfig; this.output = output;}function ModuleRequest(url, method, headers, httpBody) { this.url = url; this.method = method; this.headers = headers; this.httpBody = httpBody;}function Extra(commands, extraInfo) { this.commands = commands; this.extraInfo = extraInfo;}function Commands(commandName, params) { this.commandName = commandName; this.params = params;}function JavascriptConfig(removeJavascript, loadInWebView, javaScript) { this.removeJavascript = removeJavascript; this.loadInWebView = loadInWebView; this.javaScript = javaScript;}function KeyValue(key, value) { this.key = key; this.value = value;}function Output(cellDesing, orientation, defaultLayout, paging, section, layout, data) { this.cellDesing = cellDesing; this.orientation = orientation; this.defaultLayout = defaultLayout; this.paging = paging; this.section = section; this.layout = layout; this.data = data;}function Section(sectionName, separator) { this.sectionName = sectionName; this.separator = separator;}function Layout(insets, visibleCellsWidthS, visibleCellsWidthM, visibleCellsWidthL, visibleCellsHeight, heightForVisibleCells, cellSize, ratio, constant, horizontalSpacing, verticalSpacing) { this.insets = insets; this.visibleCellsWidthS = visibleCellsWidthS; this.visibleCellsWidthM = visibleCellsWidthM; this.visibleCellsWidthL = visibleCellsWidthL; this.visibleCellsHeight = visibleCellsHeight; this.heightForVisibleCells = heightForVisibleCells; this.cellSize = cellSize; this.ratio = ratio; this.constant = constant; this.horizontalSpacing = horizontalSpacing; this.verticalSpacing = verticalSpacing;}function Insets(top, bottom, left, right) { this.top = top; this.bottom = bottom; this.left = left; this.right = right;}function Size(width, height) { this.width = width; this.height = height;}function Ratio(inRelation, number1, number2) { this.inRelation = inRelation; this.number1 = number1; this.number2 = number2;}function Data(image, title, description, field1, field2, field3, field4, isChapter, link, openInWebView) { this.image = image; this.title = title; this.description = description; this.field1 = field1; this.field2 = field2; this.field3 = field3; this.field4 = field4; this.isChapter = isChapter; this.link = link; this.openInWebView = openInWebView;}function quickData(link, image, title, field1) { return new Data(image, title, 'unknown', field1, 'unknown', 'unknown', 'unknown', false, link);}function shuffle(a) { var j, x, i; for (i = a.length - 1; i > 0; i--) { j = Math.floor(Math.random() * (i + 1)); x = a[i]; a[i] = a[j]; a[j] = x; } return a;}var savedData = document.getElementById('ketsu-final-data');var parsedJson = JSON.parse(savedData.innerHTML);let output = parsedJson.output;let dataArray = [];let dataArray2 = [];let emptyKeyValue = [new KeyValue('', '')];let day1 = [];let day2 = [];let day3 = [];let day4 = [];let day5 = [];let day6 = [];let day7 = [];function getHtmlStuff(array, match) { for (var x = 0; x < array.length; x++) { let data = array[x].innerText; if (data.includes(match)) { return array[x]; } }}var scripttt = getHtmlStuff(document.querySelectorAll('script'), 'appData').innerText.split('appData = ')[1].split(' ||')[0];var scriptdata = JSON.parse(scripttt); var topLayout = new Layout(new Insets(0, 0, 0, 0), 1, 2, 3, 1, 500, new Size(400, 400), new Ratio('width', 1, 1), new Size(0, 0), 0, 0); let animelist = scriptdata.animeList.all; for (let x = 0; x < scriptdata.animeList.all.length; x++) {let anime = scriptdata.animeList.all[x];let title = anime.name;let episode = 'Episode '+anime.episode;let image = 'https://www2.kickassanime.ro/uploads/'+anime.poster;image = encodeURI(image);let link = 'https://www2.kickassanime.ro'+anime.slug;link = link.split('/episode')[0];image = new ModuleRequest(image, 'get', emptyKeyValue, null);link = new ModuleRequest(link, 'get', emptyKeyValue, null);dataArray.push(new Data(image, title, 'desc', title, episode, 'field3', 'field4', false, link));dataArray2.push(new Data(image, title, episode, episode, episode, 'field3', 'field4', false, link));}output.push(new Output(CellDesings.Special3, Orientation.horizontal, DefaultLayouts.none, Paging.centered, new Section('', false), topLayout, shuffle(dataArray)));output.push(new Output(CellDesings.normal2,Orientation.horizontal,DefaultLayouts.longTripletsDouble,Paging.leading,new Section('Latest Episodes',true),null,dataArray2)); let days = [day1,day2,day3,day4,day5,day6,day7];let schedulelist = scriptdata.scheduleList;function calcTime(city, offset) {d = new Date();utc = d.getTime() + (d.getTimezoneOffset() * 60000);nd = new Date(utc + (3600000*offset));return nd.toLocaleString();}var Layout1 = new Layout(new Insets(0,0,10,10),1,1,1,1,50,new Size(400,50),null,new Size(0,0),0,0); output.push(new Output(CellDesings.small2, Orientation.vertical, DefaultLayouts.none, Paging.none, new Section('Release Schedule', false), Layout1, [quickData(new ModuleRequest('https://google.com/', '', emptyKeyValue, null),new ModuleRequest('https://google.com', '', emptyKeyValue, null),'Schedule Time: '+calcTime('Los Angeles','-7'),'Schedule Time: '+calcTime('Los Angeles','-7'))]));for (var x = 0; x < scriptdata.scheduleList.length; x++) { var schedule = scriptdata.scheduleList[x]; for (var i = 0; i < schedule.data.length; i++) { let anime = schedule.data[i];let title = anime.title;let link = 'https://www2.kickassanime.ro'+anime.slug;let time = anime.time;let image = 'https://www2.kickassanime.ro/uploads/'+anime.image;link = link.split('/episode')[0];image = encodeURI(image);image = new ModuleRequest(image, 'get', emptyKeyValue, null);link = new ModuleRequest(link, 'get', emptyKeyValue, null); days[x].push(new Data(image, title, time, title, '', 'field3', 'field4', false, link)); } output.push(new Output(CellDesings.wide9, Orientation.vertical, DefaultLayouts. wideStrechedFullList, Paging.none, new Section(schedule.day, true), null, days[x])); }let MainPageObject = new MainPage(new ModuleRequest('https://www2.kickassanime.ro/new-season', 'get', emptyKeyValue, null), new Extra([new Commands('', emptyKeyValue)], emptyKeyValue), new JavascriptConfig(false, false, ''), output);var finalJson = JSON.stringify(MainPageObject);savedData.innerHTML = finalJson;"
      },
      "output": [
        {
          "cellDesing": "normal1",
          "orientation": "vertical",
          "defaultLayout": "wide",
          "paging": "",
          "section": {
            "sectionName": "",
            "separator": false
          },
          "layout": {
            "insets": {
              "top": 0,
              "bottom": 0,
              "left": 0,
              "right": 0
            },
            "visibleCellsWidthS": 2,
            "visibleCellsWidthM": 2,
            "visibleCellsWidthL": 2,
            "visibleCellsHeight": 2,
            "heightForVisibleCells": 400,
            "cellSize": {
              "width": 300,
              "height": 300
            },
            "ratio": {
              "inRelation": "width",
              "number1": 1,
              "number2": 2
            },
            "constant": {
              "width": 1,
              "height": 2
            },
            "horizontalSpacing": 0,
            "verticalSpacing": 0
          },
          "data": [
            {
              "image": {
                "url": "",
                "method": "get",
                "headers": [
                  {
                    "key": "",
                    "value": ""
                  }
                ],
                "httpBody": null
              },
              "title": "",
              "description": "",
              "field1": "",
              "field2": "",
              "field3": "",
              "field4": "",
              "openInWebView" : false,
              "isChapter": false,
              "link": {
                "url": "",
                "method": "",
                "headers": [
                  {
                    "key": "",
                    "value": ""
                  }
                ],
                "httpBody": null
              }
            }
          ]
        }
      ]
    },{
      "request": {
        "url": "",
        "method": "get",
        "headers": [
          {
            "key": "",
            "value": ""
          }
        ],
        "httpBody": null
      },
      "extra": {
        "commands": [
          {
            "commandName": "",
            "params": [
              {
                "key": "",
                "value": ""
              }
            ]
          }
        ],
        "extraInfo": [
          {
            "key": "",
            "value": ""
          }
        ]
      },
      "javascriptConfig": {
        "removeJavascript": false,
        "loadInWebView": false,
        "javaScript": "const DefaultLayouts = { ultraWideFull: 'ultraWideFull', ultraWide: 'ultraWide', wideFull: 'wideFull', wide: 'wide', wideStrechedFull: 'wideStrechedFull', wideStrechedFullDouble: 'WideStrechedFullDouble', wideStreched: 'wideStreched', wideStrechedDouble: 'wideStrechedDouble', wideStrechedFullList: 'wideStrechedFullList', wideStrechedList: 'wideStrechedList', doublets: 'doublets', doubletsDouble: 'doubletsDouble', doubletsFull: 'doubletsFull', doubletsFullDouble: 'doubletsFullDouble', doubletsConstant: 'doubletsConstant', doubletsDoubleConstant: 'doubletsDoubleConstant', doubletsFullConstant: 'doubletsFullConstant', doubletsFullDoubleConstant: 'doubletsFullDoubleConstant', longDoublets: 'longDoublets', longDoubletsDouble: 'longDoubletsDouble', longDoubletsFull: 'longDoubletsFull', longDoubletsFullDouble: 'longDoubletsFullDouble', longDoubletsConstant: 'longDoubletsConstant', longDoubletsDoubleConstant: 'longDoubletsDoubleConstant', longDoubletsFullConstant: 'longDoubletsFullConstant', longDoubletsFullDoubleConstant: 'longDoubletsFullDoubleConstant', triplets: 'triplets', tripletsDouble: 'tripletsDouble', tripletsFull: 'tripletsFull', tripletsFullDouble: 'tripletsFullDouble', tripletsConstant: 'tripletsConstant', tripletsDoubleConstant: 'tripletsDoubleConstant', tripletsFullConstant: 'tripletsFullConstant', tripletsFullDoubleConstant: 'tripletsFullDoubleConstant', longTriplets: 'longTriplets', longTripletsDouble: 'longTripletsDouble', longTripletsFull: 'longTripletsFull', longTripletsFullDouble: 'longTripletsFullDouble', longTripletsConstant: 'longTripletsConstant', longTripletsDoubleConstant: 'longTripletsDoubleConstant', longTripletsFullConstant: 'longTripletsFullConstant', longTripletsFullDoubleConstant: 'longTripletsFullDoubleConstant', none: ''};const CellDesings = { Special1: 'Special1', Special2: 'Special2', Special3: 'Special3', CELLHelperText: 'CELLHelperText', small1: 'small1', small2: 'small2', normal1: 'normal1', normal2: 'normal2', normal3: 'normal3', normal4: 'normal4', normal5: 'normal5', normal6: 'normal6', normal7: 'normal7', wide1: 'wide1', wide2: 'wide2', wide3: 'wide3', wide4: 'wide4', wide5: 'wide5', wide6: 'wide6', wide7: 'wide7', wide8: 'wide8', wide9: 'wide9', wide10: 'wide10', wide11: 'wide11'};const Paging = { leading: 'leading', centered: 'centered', none: ''};const Orientation = { horizontal: 'horizontal', vertical: 'vertical'};function MainPage(request, extra, javascriptConfig, output) { this.request = request; this.extra = extra; this.javascriptConfig = javascriptConfig; this.output = output;}function ModuleRequest(url, method, headers, httpBody) { this.url = url; this.method = method; this.headers = headers; this.httpBody = httpBody;}function Extra(commands, extraInfo) { this.commands = commands; this.extraInfo = extraInfo;}function Commands(commandName, params) { this.commandName = commandName; this.params = params;}function JavascriptConfig(removeJavascript, loadInWebView, javaScript) { this.removeJavascript = removeJavascript; this.loadInWebView = loadInWebView; this.javaScript = javaScript;}function KeyValue(key, value) { this.key = key; this.value = value;}function Output(cellDesing, orientation, defaultLayout, paging, section, layout, data) { this.cellDesing = cellDesing; this.orientation = orientation; this.defaultLayout = defaultLayout; this.paging = paging; this.section = section; this.layout = layout; this.data = data;}function Section(sectionName, separator) { this.sectionName = sectionName; this.separator = separator;}function Layout(insets, visibleCellsWidthS, visibleCellsWidthM, visibleCellsWidthL, visibleCellsHeight, heightForVisibleCells, cellSize, ratio, constant, horizontalSpacing, verticalSpacing) { this.insets = insets; this.visibleCellsWidthS = visibleCellsWidthS; this.visibleCellsWidthM = visibleCellsWidthM; this.visibleCellsWidthL = visibleCellsWidthL; this.visibleCellsHeight = visibleCellsHeight; this.heightForVisibleCells = heightForVisibleCells; this.cellSize = cellSize; this.ratio = ratio; this.constant = constant; this.horizontalSpacing = horizontalSpacing; this.verticalSpacing = verticalSpacing;}function Insets(top, bottom, left, right) { this.top = top; this.bottom = bottom; this.left = left; this.right = right;}function Size(width, height) { this.width = width; this.height = height;}function Ratio(inRelation, number1, number2) { this.inRelation = inRelation; this.number1 = number1; this.number2 = number2;}function Data(image, title, description, field1, field2, field3, field4, isChapter, link, openInWebView) { this.image = image; this.title = title; this.description = description; this.field1 = field1; this.field2 = field2; this.field3 = field3; this.field4 = field4; this.isChapter = isChapter; this.link = link; this.openInWebView = openInWebView;}function quickData(link, image, title, field1) { return new Data(image, title, 'unknown', field1, 'unknown', 'unknown', 'unknown', false, link);}function shuffle(a) { var j, x, i; for (i = a.length - 1; i > 0; i--) { j = Math.floor(Math.random() * (i + 1)); x = a[i]; a[i] = a[j]; a[j] = x; } return a;}var savedData = document.getElementById('ketsu-final-data');var parsedJson = JSON.parse(savedData.innerHTML);let output = parsedJson.output;let dataArray = [];let emptyKeyValue = [new KeyValue('', '')];function getHtmlStuff(array, match) { for (var x = 0; x < array.length; x++) { let data = array[x].innerText; if (data.includes(match)) { return array[x]; } }}var scripttt = getHtmlStuff(document.querySelectorAll('script'), 'appData').innerText.split('appData = ')[1].split(' ||')[0];var scriptdata = JSON.parse(scripttt);var animedata = scriptdata.animes;for (let x = 0; x < animedata.length; x++) { let anime = animedata[x]; let title = anime.name; let image = 'https://www2.kickassanime.ro/uploads/' + anime.poster; let link = 'https://www2.kickassanime.ro' + anime.slug; link = link.split('/episode')[0]; if (animedata[x].description !== null) { var desc = animedata[x].description; } else { var desc = 'No Description'; } image = new ModuleRequest(image, 'get', emptyKeyValue, null); link = new ModuleRequest(link, 'get', emptyKeyValue, null); dataArray.push(new Data(image, title, desc, title, '', 'field3', 'field4', false, link)); }output.push(new Output(CellDesings.wide8, Orientation.horizontal , DefaultLayouts. wideStrechedFullDouble, Paging.leading, new Section('New Season', true), null, dataArray));let MainPageObject = new MainPage(new ModuleRequest('', 'get', emptyKeyValue, null), new Extra([new Commands('', emptyKeyValue)], emptyKeyValue), new JavascriptConfig(false, false, ''), output);var finalJson = JSON.stringify(MainPageObject);savedData.innerHTML = finalJson;"
      },
      "output": [
        {
          "cellDesing": "normal1",
          "orientation": "vertical",
          "defaultLayout": "wide",
          "paging": "",
          "section": {
            "sectionName": "",
            "separator": false
          },
          "layout": {
            "insets": {
              "top": 0,
              "bottom": 0,
              "left": 0,
              "right": 0
            },
            "visibleCellsWidthS": 2,
            "visibleCellsWidthM": 2,
            "visibleCellsWidthL": 2,
            "visibleCellsHeight": 2,
            "heightForVisibleCells": 400,
            "cellSize": {
              "width": 300,
              "height": 300
            },
            "ratio": {
              "inRelation": "width",
              "number1": 1,
              "number2": 2
            },
            "constant": {
              "width": 1,
              "height": 2
            },
            "horizontalSpacing": 0,
            "verticalSpacing": 0
          },
          "data": [
            {
              "image": {
                "url": "",
                "method": "get",
                "headers": [
                  {
                    "key": "",
                    "value": ""
                  }
                ],
                "httpBody": null
              },
              "title": "",
              "description": "",
              "field1": "",
              "field2": "",
              "field3": "",
              "field4": "",
              "openInWebView" : false,
              "isChapter": false,
              "link": {
                "url": "",
                "method": "",
                "headers": [
                  {
                    "key": "",
                    "value": ""
                  }
                ],
                "httpBody": null
              }
            }
          ]
        }
      ]
    }
  ],
  "search": [
    {
      "request": {
        "url": "https://www2.kickassanime.ro/api/anime_search",
        "method": "POST",
        "headers": [
          {
            "key": "",
            "value": ""
          }
        ],
        "httpBody": "keyword=<searched>"
      },
      "separator": "+",
      "extra": {
        "commands": [
          {
            "commandName": "",
            "params": [
              {
                "key": "",
                "value": ""
              }
            ]
          }
        ],
        "extraInfo": [
          {
            "key": "",
            "value": ""
          }
        ]
      },
      "javascriptConfig": {
        "removeJavascript": true,
        "loadInWebView": false,
        "javaScript": "const DefaultLayouts = { ultraWideFull : 'ultraWideFull', ultraWide : 'ultraWide', wideFull : 'wideFull', wide : 'wide', wideStrechedFull : 'wideStrechedFull', wideStrechedFullDouble : 'WideStrechedFullDouble', wideStreched : 'wideStreched', wideStrechedDouble : 'wideStrechedDouble', wideStrechedFullList : 'wideStrechedFullList', wideStrechedList : 'wideStrechedList', doublets : 'doublets', doubletsDouble : 'doubletsDouble', doubletsFull : 'doubletsFull', doubletsFullDouble : 'doubletsFullDouble', doubletsConstant : 'doubletsConstant', doubletsDoubleConstant : 'doubletsDoubleConstant', doubletsFullConstant : 'doubletsFullConstant', doubletsFullDoubleConstant : 'doubletsFullDoubleConstant', longDoublets : 'longDoublets', longDoubletsDouble : 'longDoubletsDouble', longDoubletsFull : 'longDoubletsFull', longDoubletsFullDouble : 'longDoubletsFullDouble', longDoubletsConstant : 'longDoubletsConstant', longDoubletsDoubleConstant : 'longDoubletsDoubleConstant', longDoubletsFullConstant : 'longDoubletsFullConstant', longDoubletsFullDoubleConstant : 'longDoubletsFullDoubleConstant', triplets : 'triplets', tripletsDouble : 'tripletsDouble', tripletsFull : 'tripletsFull', tripletsFullDouble : 'tripletsFullDouble', tripletsConstant : 'tripletsConstant', tripletsDoubleConstant : 'tripletsDoubleConstant', tripletsFullConstant : 'tripletsFullConstant', tripletsFullDoubleConstant : 'tripletsFullDoubleConstant', longTriplets : 'longTriplets', longTripletsDouble : 'longTripletsDouble', longTripletsFull : 'longTripletsFull', longTripletsFullDouble : 'longTripletsFullDouble', longTripletsConstant : 'longTripletsConstant', longTripletsDoubleConstant : 'longTripletsDoubleConstant', longTripletsFullConstant : 'longTripletsFullConstant', longTripletsFullDoubleConstant : 'longTripletsFullDoubleConstant', none: '' }; const CellDesings = { Special1 : 'Special1', Special2 : 'Special2', Special3 : 'Special3', CELLHelperText : 'CELLHelperText', small1 : 'small1', small2 : 'small2', normal1 : 'normal1', normal2 : 'normal2', normal3 : 'normal3', normal4 : 'normal4', normal5 : 'normal5', normal6 : 'normal6', normal7 : 'normal7', wide1 : 'wide1', wide2 : 'wide2', wide3 : 'wide3', wide4 : 'wide4', wide5 : 'wide5', wide6 : 'wide6', wide7 : 'wide7', wide8 : 'wide8', wide9 : 'wide9', wide10 : 'wide10', wide11 : 'wide11' }; const Paging = { leading : 'leading', centered : 'centered', none : '' }; const Orientation = { horizontal : 'horizontal', vertical : 'vertical' }; function Search(request,extra,separator,javascriptConfig,output) { this.request = request; this.extra = extra; this.separator = separator; this.javascriptConfig = javascriptConfig; this.output = output; } function ModuleRequest(url,method,headers,httpBody) { this.url = url; this.method = method; this.headers = headers; this.httpBody = httpBody; } function Extra(commands,extraInfo) { this.commands = commands; this.extraInfo = extraInfo; } function Commands(commandName,params) { this.commandName = commandName; this.params = params; } function JavascriptConfig(removeJavascript,loadInWebView,javaScript) { this.removeJavascript = removeJavascript; this.loadInWebView = loadInWebView; this.javaScript = javaScript; } function KeyValue(key,value) { this.key = key; this.value = value; } function Output(cellDesing,orientation,defaultLayout,paging,section,layout,data) { this.cellDesing = cellDesing; this.orientation = orientation; this.defaultLayout = defaultLayout; this.paging = paging; this.section = section; this.layout = layout; this.data = data; } function Section(sectionName,separator) { this.sectionName = sectionName; this.separator = separator; } function Layout(insets, visibleCellsWidthS,visibleCellsWidthM,visibleCellsWidthL, visibleCellsHeight, heightForVisibleCells, cellSize, ratio, constant, horizontalSpacing, verticalSpacing) { this.insets = insets; this.visibleCellsWidthS = visibleCellsWidthS; this.visibleCellsWidthM = visibleCellsWidthM; this.visibleCellsWidthL = visibleCellsWidthL; this.visibleCellsHeight = visibleCellsHeight; this.heightForVisibleCells = heightForVisibleCells; this.cellSize = cellSize; this.ratio = ratio; this.constant = constant; this.horizontalSpacing = horizontalSpacing; this.verticalSpacing = verticalSpacing; } function Insets(top,bottom,left,right) { this.top = top; this.bottom = bottom; this.left = left; this.right = right; } function Size(width,height) { this.width = width; this.height = height; } function Ratio(inRelation,number1,number2) { this.inRelation = inRelation; this.number1 = number1; this.number2 = number2; } function Data(image,title,description,field1,field2,field3,field4,isChapter,link,openInWebView) { this.image = image; this.title = title; this.description = description; this.field1 = field1; this.field2 = field2; this.field3 = field3; this.field4 = field4; this.isChapter = isChapter; this.link = link; this.openInWebView = openInWebView; } function quickData(link,image,title,field1) { return new Data(image,title,'unknown',field1,'unknown','unknown','unknown',false,link); } function shuffle(a) { var j, x, i; for (i = a.length - 1; i > 0; i--) { j = Math.floor(Math.random() * (i + 1)); x = a[i]; a[i] = a[j]; a[j] = x; } return a; } var savedData = document.getElementById('ketsu-final-data'); var parsedJson = JSON.parse(savedData.innerHTML); let output = []; let emptyKeyValue = [new KeyValue('','')]; let dataArray = []; var data = JSON.parse(document.querySelector('script').innerText.replace('/*', '').replace('*/', '')); function Type(input) { if (input.includes('(Dub)')) { return 'Dubbed'; } else { return 'Subbed'; } } for (var x= 0; x < data.length; x++) { let title = data[x].name; let image = 'https://www2.kickassanime.ro/uploads/'+data[x].image; image = encodeURI(image); let link = 'https://www2.kickassanime.ro'+data[x].slug; image = new ModuleRequest(image, 'get', emptyKeyValue, null); link = new ModuleRequest(link, 'get', emptyKeyValue, null); dataArray.push(new Data(image,title,Type(title),'','','','',false,link)); } var testLayout = new Layout(new Insets(10,10,10,10),1,2,3,1,500,new Size(400,400),new Ratio('width',4,11),new Size(0,0),10,10); output.push(new Output(CellDesings.wide8, Orientation.vertical, DefaultLayouts.none, Paging.none, new Section('' , false), testLayout, dataArray)); let searchPageObject = new Search(new ModuleRequest('','',emptyKeyValue,null),new Extra([new Commands('',emptyKeyValue)],emptyKeyValue),'',new JavascriptConfig(true,false,''),output); var finalJson = JSON.stringify(searchPageObject); savedData.innerHTML = finalJson;"
      },
      "output": [
        {
          "cellDesing": "normal1",
          "orientation": "vertical",
          "defaultLayout": "wide",
          "paging": "",
          "section": {
            "sectionName": "",
            "separator": false
          },
          "layout": {
            "insets": {
              "top": 0,
              "bottom": 0,
              "left": 0,
              "right": 0
            },
            "visibleCellsWidthS": 2,
            "visibleCellsWidthM": 2,
            "visibleCellsWidthL": 2,
            "visibleCellsHeight": 2,
            "heightForVisibleCells": 400,
            "cellSize": {
              "width": 300,
              "height": 300
            },
            "ratio": {
              "inRelation": "width",
              "number1": 1,
              "number2": 2
            },
            "constant": {
              "width": 1,
              "height": 2
            },
            "horizontalSpacing": 0,
            "verticalSpacing": 0
          },
          "data": [
            {
              "image": {
                "url": "",
                "method": "get",
                "headers": [
                  {
                    "key": "",
                    "value": ""
                  }
                ],
                "httpBody": null
              },
              "title": "",
              "description": "",
              "field1": "",
              "field2": "",
              "field3": "",
              "field4": "",
              "openInWebView" : false,
              "isChapter": false,
              "link": {
                "url": "empty",
                "method": "get",
                "headers": [
                  {
                    "key": "key",
                    "value": "value"
                  }
                ],
                "httpBody": null
              }
            }
          ]
        }
      ]
    }
  ],
  "info": [
    {
      "request": {
        "url": "",
        "method": "get",
        "headers": [
          {
            "key": "",
            "value": ""
          }
        ],
        "httpBody": null
      },
      "extra": {
        "commands": [
          {
            "commandName": "",
            "params": [
              {
                "key": "",
                "value": ""
              }
            ]
          }
        ],
        "extraInfo": [
          {
            "key": "",
            "value": ""
          }
        ]
      },
      "javascriptConfig": {
        "removeJavascript": false,
        "loadInWebView": false,
        "javaScript": "function Info(request, extra, javascriptConfig, output) { this.request = request; this.extra = extra; this.javascriptConfig = javascriptConfig; this.output = output;}function ModuleRequest(url, method, headers, httpBody) { this.url = url; this.method = method; this.headers = headers; this.httpBody = httpBody;}function Extra(commands, extraInfo) { this.commands = commands; this.extraInfo = extraInfo;}function Commands(commandName, params) { this.commandName = commandName; this.params = params;}function JavascriptConfig(removeJavascript, loadInWebView, javaScript) { this.removeJavascript = removeJavascript; this.loadInWebView = loadInWebView; this.javaScript = javaScript;}function KeyValue(key, value) { this.key = key; this.value = value;}function Chapter(chapName, link, openInWebView) { this.chapName = chapName; this.link = link; this.openInWebView = openInWebView;}function Output(image, title, link, description, genres, field1, field2, field3, field4, chapters) { this.image = image; this.link = link; this.title = title; this.description = description; this.genres = genres; this.field1 = field1; this.field2 = field2; this.field3 = field3; this.field4 = field4; this.chapters = chapters;}function getStuff(array, match) { for (var x = 0; x < array.length; x++) { let data = array[x].innerText; if (data.includes(match)) { return data.replace(match, '').trim(); } }}function getHtmlStuff(array, match) { for (var x = 0; x < array.length; x++) { let data = array[x].innerText; if (data.includes(match)) { return array[x]; } }}var savedData = document.getElementById('ketsu-final-data');var parsedJson = JSON.parse(savedData.innerHTML);let emptyKeyValue = [new KeyValue('', '')];var scripttt = getHtmlStuff(document.querySelectorAll('script'), 'appData').innerText.split('appData = ')[1].split(' ||')[0];var scriptdata = JSON.parse(scripttt);let info = scriptdata.anime;var episodes = [];var type = info.types.map(type => type.name)[0];var status = info.status;if (info.genres !== undefined) { var genres = info.genres.map(result => result.name.trim());} else { var genres = [];}var desc = decodeURIComponent(info.description);desc = desc.replace(/&quot;/g,'\\'');var title = info.name;var image = 'https://www2.kickassanime.ro/uploads/' + info.image;image = encodeURI(image);image = new ModuleRequest(image, 'get', emptyKeyValue, null);var genresArray = [];for (var x = 0; x < info.episodes.length; x++) { let episode = info.episodes[x]; let episode_num = episode.epnum; let link = 'https://www2.kickassanime.ro' + episode.slug; link = new ModuleRequest(link, 'get', emptyKeyValue, null); episodes.push(new Chapter(episode_num, link, false));}episodes = episodes.reverse();let infoPageObject = new Info(new ModuleRequest('', '', emptyKeyValue, null), new Extra([new Commands('', emptyKeyValue)], emptyKeyValue), new JavascriptConfig(false, false, ''), new Output(image, title, parsedJson.request, desc, genres, status, info.startdate, type, 'Eps: ' + episodes.length, episodes));var finalJson = JSON.stringify(infoPageObject);savedData.innerHTML = finalJson;"
      },
      "output": {
        "image": {
          "url": "",
          "method": "get",
          "headers": [
            {
              "key": "",
              "value": ""
            }
          ],
          "httpBody": null
        },
        "link": {
          "url": "",
          "method": "get",
          "headers": [
            {
              "key": "",
              "value": ""
            }
          ],
          "httpBody": null
        },
        "title": "",
        "description": "",
        "genres": [
          ""
        ],
        "field1": "",
        "field2": "",
        "field3": "",
        "field4": "",
        "chapters": [
          {
            "chapName": "",
            "openInWebView": false,
            "link": {
              "url": "empty",
              "method": "get",
              "headers": [
                {
                  "key": "key",
                  "value": "value"
                }
              ],
              "httpBody": null
            }
          }
        ]
      }
    }
  ],
  "chapters": [
    {
      "request": {
        "url": "",
        "method": "get",
        "headers": [
          {
            "key": "key",
            "value": "value"
          }
        ],
        "httpBody": null
      },
      "extra": {
        "commands": [
          {
            "commandName": "",
            "params": [
              {
                "key": "",
                "value": ""
              }
            ]
          }
        ],
        "extraInfo": [
          {
            "key": "",
            "value": ""
          }
        ]
      },
      "javascriptConfig": {
        "removeJavascript": false,
        "loadInWebView": false,
        "javaScript": "function Chapters(request, extra, javascriptConfig, output) { this.request = request; this.extra = extra; this.javascriptConfig = javascriptConfig; this.output = output;}function ModuleRequest(url, method, headers, httpBody) { this.url = url; this.method = method; this.headers = headers; this.httpBody = httpBody;}function Extra(commands, extraInfo) { this.commands = commands; this.extraInfo = extraInfo;}function Commands(commandName, params) { this.commandName = commandName; this.params = params;}function JavascriptConfig(removeJavascript, loadInWebView, javaScript) { this.removeJavascript = removeJavascript; this.loadInWebView = loadInWebView; this.javaScript = javaScript;}function KeyValue(key, value) { this.key = key; this.value = value;}function Output(videos, images, text) { this.videos = videos; this.images = images; this.text = text;}function Videos(needsResolver, rawVideo) { this.needsResolver = needsResolver; this.rawVideo = rawVideo;}function NeedsResolver(resolverIdentifier, link) { this.resolverIdentifier = resolverIdentifier; this.link = link;}function RawVideo(video) { this.video = video;}function Video(videoQuality, videoLink) { this.videoQuality = videoQuality; this.videoLink = videoLink;}function Text(text) { this.text = text;}var output = [];var savedData = document.getElementById('ketsu-final-data');var parsedJson = JSON.parse(savedData.innerHTML);function getHtmlStuff(array, match) { for (var x = 0; x < array.length; x++) { let data = array[x].innerText; if (data.includes(match)) { return array[x]; } }}var emptyKeyValue = [new KeyValue('', '')];var scripttt = getHtmlStuff(document.querySelectorAll('script'), 'appData').innerText.split('appData = ')[1].split(' ||')[0];var scriptdata = JSON.parse(scripttt);let nextrequest = scriptdata.episode.link1;if (scriptdata.episode.link1 === '') { nextrequest = scriptdata.episode.link2; if (nextrequest === '') { nextrequest = scriptdata.episode.link3; if (nextrequest === '') { nextrequest = scriptdata.episode.link4; } }}if (scriptdata.ext_servers !== null) { for (var x = 0; x < scriptdata.ext_servers.length; x++) { let file = scriptdata.ext_servers[x]; if (file !== null) { var filelink = file.link; filelink = decodeURIComponent(filelink).split('&data=')[1].split('&vref')[0]; if (!filelink.includes('http')) { filelink = 'https:' + filelink; } let filename = ''; output.push(new NeedsResolver(filename, new ModuleRequest(filelink, 'get', emptyKeyValue, null))); } }}var KeyValue1 = [new KeyValue('Referer', 'https://www2.kickassanime.ro/')];let emptyExtra = new Extra([new Commands('', emptyKeyValue)], emptyKeyValue);var chaptersObject = new Chapters(new ModuleRequest(nextrequest, 'get', KeyValue1, null), emptyExtra, new JavascriptConfig(true, false, ''), new Output(new Videos(output, null), null, null));var finalJson = JSON.stringify(chaptersObject);savedData.innerHTML = finalJson;"
      },
      "output": {
        "videos": {
          "needsResolver": [
            {
              "resolverIdentifier": "",
              "link": {
                "url": "",
                "method": "get",
                "headers": [
                  {
                    "key": "key",
                    "value": "value"
                  }
                ],
                "httpBody": null
              }
            }
          ],
          "rawVideo": [
            {
              "video": [
                {
                  "videoQuality": "",
                  "videoLink": {
                    "url": "http://commondatastorage.googleapis.com/gtv-videos-bucket/sample/BigBuckBunny.mp4",
                    "method": "get",
                    "headers": [
                      {
                        "key": "key",
                        "value": "value"
                      }
                    ],
                    "httpBody": null
                  }
                }
              ]
            }
          ]
        },
        "images": [
          {
            "url": "empty",
            "method": "get",
            "headers": [
              {
                "key": "key",
                "value": "value"
              }
            ],
            "httpBody": null
          }
        ],
        "text": {
          "text": ""
        }
      }
    },{
      "request": {
        "url": "",
        "method": "get",
        "headers": [
          {
            "key": "key",
            "value": "value"
          }
        ],
        "httpBody": null
      },
      "extra": {
        "commands": [
          {
            "commandName": "",
            "params": [
              {
                "key": "",
                "value": ""
              }
            ]
          }
        ],
        "extraInfo": [
          {
            "key": "",
            "value": ""
          }
        ]
      },
      "javascriptConfig": {
        "removeJavascript": true,
        "loadInWebView": false,
        "javaScript": "function Chapters(request, extra, javascriptConfig, output) { this.request = request; this.extra = extra; this.javascriptConfig = javascriptConfig; this.output = output;}function ModuleRequest(url, method, headers, httpBody) { this.url = url; this.method = method; this.headers = headers; this.httpBody = httpBody;}function Extra(commands, extraInfo) { this.commands = commands; this.extraInfo = extraInfo;}function Commands(commandName, params) { this.commandName = commandName; this.params = params;}function JavascriptConfig(removeJavascript, loadInWebView, javaScript) { this.removeJavascript = removeJavascript; this.loadInWebView = loadInWebView; this.javaScript = javaScript;}function KeyValue(key, value) { this.key = key; this.value = value;}function Output(videos, images, text) { this.videos = videos; this.images = images; this.text = text;}function Videos(needsResolver, rawVideo) { this.needsResolver = needsResolver; this.rawVideo = rawVideo;}function NeedsResolver(resolverIdentifier, link) { this.resolverIdentifier = resolverIdentifier; this.link = link;}function RawVideo(video) { this.video = video;}function Video(videoQuality, videoLink) { this.videoQuality = videoQuality; this.videoLink = videoLink;}function Text(text) { this.text = text;}var savedData = document.getElementById('ketsu-final-data');var parsedJson = JSON.parse(savedData.innerHTML);var output = [];for (var x = 0; x < parsedJson.output.videos.needsResolver.length; x++) { output.push(parsedJson.output.videos.needsResolver[x]);}function getHtmlStuff(array, match) { for (var x = 0; x < array.length; x++) { let data = array[x].innerText; if (data.includes(match)) { return array[x]; } }}var emptyKeyValue = [new KeyValue('', '')];let emptyExtra = new Extra([new Commands('', emptyKeyValue)], emptyKeyValue);if (document.querySelector('select') !== null) {var servers = document.querySelectorAll('select > option'); for (var x = 0; x < servers.length; x++) {let server = servers[x];let link = server.getAttribute('value');output.push(new NeedsResolver(server.innerText, new ModuleRequest(link, 'get', emptyKeyValue, null))); } var chaptersObject = new Chapters(new ModuleRequest('', '', emptyKeyValue, null), emptyExtra, new JavascriptConfig(false, false, ''), new Output(new Videos(output, null), null, null));var finalJson = JSON.stringify(chaptersObject);savedData.innerHTML = finalJson;} else {var scripttt = getHtmlStuff(document.querySelectorAll('p'), 'sources').innerText.split('sources = ')[1].split(';')[0];var scriptdata = JSON.parse(scripttt);for (var x = 0; x < scriptdata.length; x++) { let link = scriptdata[x].src; let name = scriptdata[x].name; output.push(new NeedsResolver(name, new ModuleRequest(link, 'get', emptyKeyValue, null)));} chaptersObject = new Chapters(new ModuleRequest('', '', emptyKeyValue, null), emptyExtra, new JavascriptConfig(false, false, ''), new Output(new Videos(output, null), null, null)); finalJson = JSON.stringify(chaptersObject);savedData.innerHTML = finalJson;}"
      },
      "output": {
        "videos": {
          "needsResolver": [
            {
              "resolverIdentifier": "",
              "link": {
                "url": "",
                "method": "get",
                "headers": [
                  {
                    "key": "key",
                    "value": "value"
                  }
                ],
                "httpBody": null
              }
            }
          ],
          "rawVideo": [
            {
              "video": [
                {
                  "videoQuality": "",
                  "videoLink": {
                    "url": "http://commondatastorage.googleapis.com/gtv-videos-bucket/sample/BigBuckBunny.mp4",
                    "method": "get",
                    "headers": [
                      {
                        "key": "key",
                        "value": "value"
                      }
                    ],
                    "httpBody": null
                  }
                }
              ]
            }
          ]
        },
        "images": [
          {
            "url": "empty",
            "method": "get",
            "headers": [
              {
                "key": "key",
                "value": "value"
              }
            ],
            "httpBody": null
          }
        ],
        "text": {
          "text": ""
        }
      }
    }
  ],
  "moduleResolvers": [
    {
      "resolverInfo": {
        "resolverName": "PINK-BIRD",
        "nameMatches": [
          "PINK-BIRD"
        ],
        "developer": "Noah G",
        "moduleID": "46312946141",
        "resolverVersion": 1,
        "baseURL": "https://beststremo.com/"
      },
      "resolver": [
        {
          "request": {
            "url": "",
            "method": "get",
            "headers": [
              {
                "key": "key",
                "value": "value"
              }
            ],
            "httpBody": null
          },
          "extra": {
            "commands": [
              {
                "commandName": "",
                "params": [
                  {
                    "key": "",
                    "value": ""
                  }
                ]
              }
            ],
            "extraInfo": [
              {
                "key": "",
                "value": ""
              }
            ]
          },
          "javascriptConfig": {
            "removeJavascript": true,
            "loadInWebView": false,
            "javaScript": "function Resolver(request, extra, javascriptConfig, output) { this.request = request; this.extra = extra; this.javascriptConfig = javascriptConfig; this.output = output;}function ModuleRequest(url, method, headers, httpBody) { this.url = url; this.method = method; this.headers = headers; this.httpBody = httpBody;}function Extra(commands, extraInfo) { this.commands = commands; this.extraInfo = extraInfo;}function Commands(commandName, params) { this.commandName = commandName; this.params = params;}function JavascriptConfig(removeJavascript, loadInWebView, javaScript) { this.removeJavascript = removeJavascript; this.loadInWebView = loadInWebView; this.javaScript = javaScript;}function KeyValue(key, value) { this.key = key; this.value = value;}function Output(video) { this.video = video;}function Video(videoQuality, videoLink) { this.videoQuality = videoQuality; this.videoLink = videoLink;}function getNext(match, array) { for (var x = 0; x < array.length; x++) { let mMatch = array[x]; if (mMatch.includes(match)) { return array[x + 1]; } }}var savedData = document.getElementById('ketsu-final-data');var parsedJson = JSON.parse(savedData.innerHTML);var emptyKeyValue = [new KeyValue('', '')];var videos = [];let _keyStr = 'ABCDEFGHIJKLMNOPQRSTUVWXYZabcdefghijklmnopqrstuvwxyz0123456789+/=';function Decode(input) { var output = ''; var chr1, chr2, chr3; var enc1, enc2, enc3, enc4; var i = 0; input = input.replace(/[^A-Za-z0-9\\+\\/\\=]/g, ''); while (i < input.length) { enc1 = _keyStr.indexOf(input.charAt(i++)); enc2 = _keyStr.indexOf(input.charAt(i++)); enc3 = _keyStr.indexOf(input.charAt(i++)); enc4 = _keyStr.indexOf(input.charAt(i++)); chr1 = (enc1 << 2) | (enc2 >> 4); chr2 = ((enc2 & 15) << 4) | (enc3 >> 2); chr3 = ((enc3 & 3) << 6) | enc4; output = output + String.fromCharCode(chr1); if (enc3 != 64) { output = output + String.fromCharCode(chr2); } if (enc4 != 64) { output = output + String.fromCharCode(chr3); } } return output;}function getData(name, array) { for (var x = 0; x < array.length; x++) { var text = array[x]; if (text == name) { return array[x + 1]; } }}function getBeforeData(name, array) { for (var x = 0; x < array.length; x++) { var text = array[x]; if (text == name) { return array[x - 1]; } }}function getHtmlStuff(array, match) { for (var x = 0; x < array.length; x++) { let data = array[x].innerText; if (data.includes(match)) { return array[x]; } }}function getStuff1(array, match) { for (var x = 0; x < array.length; x++) { let data = array[x]; if (data.includes(match)) { return array[x]; } }}function getStuff2(array, match) { for (var x = 0; x < array.length; x++) { let data = array[x].innerText; if (data.includes(match)) { let realdata = Decode(data.split('decode(\"')[1].split('\"))')[0]); if (realdata.includes('.m3u8')) { return array[x]; } } }}if (document.querySelector('iframe') !== null) { let servername = parsedJson.request.url.split('beststremo.com/')[1].split('/')[0]; let reqlink = 'https://beststremo.com/' + servername + '/' + document.querySelector('iframe').src; let emptyExtra = new Extra([new Commands('', emptyKeyValue)], emptyKeyValue); var chaptersObject = new Resolver(new ModuleRequest(reqlink, 'get', emptyKeyValue, null), emptyExtra, new JavascriptConfig(true, false, ''), new Output(videos)); var finalJson = JSON.stringify(chaptersObject); savedData.innerHTML = finalJson;} else { let scripts = document.querySelectorAll('p'); let videohtml = getStuff2(scripts, 'document.write').innerText.split('decode(\"')[1].split('\"))')[0]; videohtml = Decode(videohtml).split('\"'); let link = getStuff1(videohtml, '.m3u8'); let keyValue = [new KeyValue('Ketsu-Type', 'm3u8')]; videos.push(new Video('Default', new ModuleRequest(link, 'get', keyValue, null))); let emptyExtra = new Extra([new Commands('', emptyKeyValue)], emptyKeyValue); var chaptersObject = new Resolver(new ModuleRequest('', '', emptyKeyValue, null), emptyExtra, new JavascriptConfig(false, false, ''), new Output(videos)); var finalJson = JSON.stringify(chaptersObject); savedData.innerHTML = finalJson;}"
          },
          "output": {
            "moduleID": "",
            "video": [
              {
                "videoQuality": "720",
                "videoLink": {
                  "url": "http://commondatastorage.googleapis.com/gtv-videos-bucket/sample/BigBuckBunny.mp4",
                  "method": "get",
                  "headers": [
                    {
                      "key": "key",
                      "value": "value"
                    }
                  ],
                  "httpBody": null
                }
              }
            ]
          }
        }
      ]
    },{
      "resolverInfo": {
        "resolverName": "SAPPHIRE-DUCK",
        "nameMatches": [
          "SAPPHIRE-DUCK"
        ],
        "developer": "Noah G",
        "moduleID": "1568951658916",
        "resolverVersion": 1,
        "baseURL": "https://beststremo.com/"
      },
      "resolver": [
        {
          "request": {
            "url": "",
            "method": "get",
            "headers": [
              {
                "key": "key",
                "value": "value"
              }
            ],
            "httpBody": null
          },
          "extra": {
            "commands": [
              {
                "commandName": "",
                "params": [
                  {
                    "key": "",
                    "value": ""
                  }
                ]
              }
            ],
            "extraInfo": [
              {
                "key": "",
                "value": ""
              }
            ]
          },
          "javascriptConfig": {
            "removeJavascript": true,
            "loadInWebView": false,
            "javaScript": "function Resolver(request, extra, javascriptConfig, output) { this.request = request; this.extra = extra; this.javascriptConfig = javascriptConfig; this.output = output;}function ModuleRequest(url, method, headers, httpBody) { this.url = url; this.method = method; this.headers = headers; this.httpBody = httpBody;}function Extra(commands, extraInfo) { this.commands = commands; this.extraInfo = extraInfo;}function Commands(commandName, params) { this.commandName = commandName; this.params = params;}function JavascriptConfig(removeJavascript, loadInWebView, javaScript) { this.removeJavascript = removeJavascript; this.loadInWebView = loadInWebView; this.javaScript = javaScript;}function KeyValue(key, value) { this.key = key; this.value = value;}function Output(video) { this.video = video;}function Video(videoQuality, videoLink) { this.videoQuality = videoQuality; this.videoLink = videoLink;}function getNext(match, array) { for (var x = 0; x < array.length; x++) { let mMatch = array[x]; if (mMatch.includes(match)) { return array[x + 1]; } }}var savedData = document.getElementById('ketsu-final-data');var parsedJson = JSON.parse(savedData.innerHTML);var emptyKeyValue = [new KeyValue('', '')];var videos = [];let _keyStr = 'ABCDEFGHIJKLMNOPQRSTUVWXYZabcdefghijklmnopqrstuvwxyz0123456789+/=';function Decode(input) { var output = ''; var chr1, chr2, chr3; var enc1, enc2, enc3, enc4; var i = 0; input = input.replace(/[^A-Za-z0-9\\+\\/\\=]/g, ''); while (i < input.length) { enc1 = _keyStr.indexOf(input.charAt(i++)); enc2 = _keyStr.indexOf(input.charAt(i++)); enc3 = _keyStr.indexOf(input.charAt(i++)); enc4 = _keyStr.indexOf(input.charAt(i++)); chr1 = (enc1 << 2) | (enc2 >> 4); chr2 = ((enc2 & 15) << 4) | (enc3 >> 2); chr3 = ((enc3 & 3) << 6) | enc4; output = output + String.fromCharCode(chr1); if (enc3 != 64) { output = output + String.fromCharCode(chr2); } if (enc4 != 64) { output = output + String.fromCharCode(chr3); } } return output;}function getData(name, array) { for (var x = 0; x < array.length; x++) { var text = array[x]; if (text == name) { return array[x + 1]; } }}function getBeforeData(name, array) { for (var x = 0; x < array.length; x++) { var text = array[x]; if (text == name) { return array[x - 1]; } }}function getHtmlStuff(array, match) { for (var x = 0; x < array.length; x++) { let data = array[x].innerText; if (data.includes(match)) { return array[x]; } }}function getStuff1(array, match) { for (var x = 0; x < array.length; x++) { let data = array[x]; if (data.includes(match)) { return array[x]; } }}function getStuff2(array, match) { for (var x = 0; x < array.length; x++) { let data = array[x].innerText; if (data.includes(match)) { let realdata = Decode(data.split('decode(\"')[1].split('\"))')[0]); if (realdata.includes('.m3u8')) { return array[x]; } } }}if (document.querySelector('iframe') !== null) { let servername = parsedJson.request.url.split('beststremo.com/')[1].split('/')[0]; let reqlink = 'https://beststremo.com/' + servername + '/' + document.querySelector('iframe').src; let emptyExtra = new Extra([new Commands('', emptyKeyValue)], emptyKeyValue); var chaptersObject = new Resolver(new ModuleRequest(reqlink, 'get', emptyKeyValue, null), emptyExtra, new JavascriptConfig(true, false, ''), new Output(videos)); var finalJson = JSON.stringify(chaptersObject); savedData.innerHTML = finalJson;} else { let scripts = document.querySelectorAll('p'); let videohtml = getStuff2(scripts, 'document.write').innerText.split('decode(\"')[1].split('\"))')[0]; videohtml = Decode(videohtml).split('\"'); let link = getStuff1(videohtml, '.m3u8'); let keyValue = [new KeyValue('Ketsu-Type','m3u8')]; videos.push(new Video('Default', new ModuleRequest(link, 'get', keyValue, null))); let emptyExtra = new Extra([new Commands('', emptyKeyValue)], emptyKeyValue); var chaptersObject = new Resolver(new ModuleRequest('', '', emptyKeyValue, null), emptyExtra, new JavascriptConfig(false, false, ''), new Output(videos)); var finalJson = JSON.stringify(chaptersObject); savedData.innerHTML = finalJson;}"
          },
          "output": {
            "moduleID": "",
            "video": [
              {
                "videoQuality": "720",
                "videoLink": {
                  "url": "http://commondatastorage.googleapis.com/gtv-videos-bucket/sample/BigBuckBunny.mp4",
                  "method": "get",
                  "headers": [
                    {
                      "key": "key",
                      "value": "value"
                    }
                  ],
                  "httpBody": null
                }
              }
            ]
          }
        }
      ]
    },{
      "resolverInfo": {
        "resolverName": "KICKASSANIMEV2",
        "nameMatches": [
          "KICKASSANIMEV2","ORIGINAL-QUALITY-V2"
        ],
        "developer": "Noah G",
        "moduleID": "1473896171569080",
        "resolverVersion": 1,
        "baseURL": ""
      },
      "resolver": [
        {
          "request": {
            "url": "",
            "method": "get",
            "headers": [
              {
                "key": "key",
                "value": "value"
              }
            ],
            "httpBody": null
          },
          "extra": {
            "commands": [
              {
                "commandName": "",
                "params": [
                  {
                    "key": "",
                    "value": ""
                  }
                ]
              }
            ],
            "extraInfo": [
              {
                "key": "",
                "value": ""
              }
            ]
          },
          "javascriptConfig": {
            "removeJavascript": true,
            "loadInWebView": false,
            "javaScript": " function Resolver(request, extra, javascriptConfig, output) { this.request = request; this.extra = extra; this.javascriptConfig = javascriptConfig; this.output = output;}function ModuleRequest(url, method, headers, httpBody) { this.url = url; this.method = method; this.headers = headers; this.httpBody = httpBody;}function Extra(commands, extraInfo) { this.commands = commands; this.extraInfo = extraInfo;}function Commands(commandName, params) { this.commandName = commandName; this.params = params;}function JavascriptConfig(removeJavascript, loadInWebView, javaScript) { this.removeJavascript = removeJavascript; this.loadInWebView = loadInWebView; this.javaScript = javaScript;}function KeyValue(key, value) { this.key = key; this.value = value;}function Output(video) { this.video = video;}function Video(videoQuality, videoLink) { this.videoQuality = videoQuality; this.videoLink = videoLink;}function getNext(match, array) { for (var x = 0; x < array.length; x++) { let mMatch = array[x]; if (mMatch.includes(match)) { return array[x + 1]; } }}var savedData = document.getElementById('ketsu-final-data');var parsedJson = JSON.parse(savedData.innerHTML);var emptyKeyValue = [new KeyValue('', '')];var videos = [];let _keyStr = 'ABCDEFGHIJKLMNOPQRSTUVWXYZabcdefghijklmnopqrstuvwxyz0123456789+/=';function Decode(input) { var output = ''; var chr1, chr2, chr3; var enc1, enc2, enc3, enc4; var i = 0; input = input.replace(/[^A-Za-z0-9\\+\/\\=]/g, ''); while (i < input.length) { enc1 = _keyStr.indexOf(input.charAt(i++)); enc2 = _keyStr.indexOf(input.charAt(i++)); enc3 = _keyStr.indexOf(input.charAt(i++)); enc4 = _keyStr.indexOf(input.charAt(i++)); chr1 = (enc1 << 2) | (enc2 >> 4); chr2 = ((enc2 & 15) << 4) | (enc3 >> 2); chr3 = ((enc3 & 3) << 6) | enc4; output = output + String.fromCharCode(chr1); if (enc3 != 64) { output = output + String.fromCharCode(chr2); } if (enc4 != 64) { output = output + String.fromCharCode(chr3); } } return output;}function getData(name, array) { for (var x = 0; x < array.length; x++) { var text = array[x]; if (text == name) { return array[x + 1]; } }}function getBeforeData(name, array) { for (var x = 0; x < array.length; x++) { var text = array[x]; if (text == name) { return array[x - 1]; } }}function getHtmlStuff(array, match) { for (var x = 0; x < array.length; x++) { let data = array[x].innerText; if (data.includes(match)) { return array[x]; } }}function getStuff1(array, match) { for (var x = 0; x < array.length; x++) { let data = array[x]; if (data.includes(match)) { return array[x]; } }}function getStuff2(array, match) { for (var x = 0; x < array.length; x++) { let data = array[x].innerText; if (data.includes(match)) { let realdata = Decode(data.split('atob(\"')[1].split('\"))')[0]); if (realdata.includes('jwplayer')) { return array[x]; } } }}if (document.querySelector('iframe') !== null) { let servername = parsedJson.request.url.split('beststremo.com/')[1].split('/')[0]; let reqlink = 'https://beststremo.com/' + servername + '/' + document.querySelector('iframe').src; let emptyExtra = new Extra([new Commands('', emptyKeyValue)], emptyKeyValue); var chaptersObject = new Resolver(new ModuleRequest(reqlink, 'get', emptyKeyValue, null), emptyExtra, new JavascriptConfig(true, false, ''), new Output(videos)); var finalJson = JSON.stringify(chaptersObject); savedData.innerHTML = finalJson;} else { let scripts = document.querySelectorAll('p'); let videohtml = getStuff2(scripts, 'document.write').innerText.split('atob(\"')[1].split('\"))')[0]; videohtml = Decode(videohtml); let keyValue = [new KeyValue('Ketsu-Type', 'mp4')]; let json = JSON.parse(videohtml.split(',mute')[0].split('sources:')[1]); json.forEach(element => { videos.push(new Video(element.label, new ModuleRequest(element.file, 'get', emptyKeyValue, null))); }); let emptyExtra = new Extra([new Commands('', emptyKeyValue)], emptyKeyValue); var chaptersObject = new Resolver(new ModuleRequest('', '', emptyKeyValue, null), emptyExtra, new JavascriptConfig(false, false, ''), new Output(videos)); var finalJson = JSON.stringify(chaptersObject); savedData.innerHTML = finalJson;}"
          },
          "output": {
            "moduleID": "",
            "video": [
              {
                "videoQuality": "720",
                "videoLink": {
                  "url": "http://commondatastorage.googleapis.com/gtv-videos-bucket/sample/BigBuckBunny.mp4",
                  "method": "get",
                  "headers": [
                    {
                      "key": "key",
                      "value": "value"
                    }
                  ],
                  "httpBody": null
                }
              }
            ]
          }
        }
      ]
    },{
      "resolverInfo": {
        "resolverName": "DAILYMOTION",
        "nameMatches": [
          "DAILYMOTION"
        ],
        "developer": "Noah G",
        "moduleID": "2659250251",
        "resolverVersion": 1,
        "baseURL": "https://www.dailymotion.com/"
      },
      "resolver": [
        {
          "request": {
            "url": "",
            "method": "get",
            "headers": [
              {
                "key": "key",
                "value": "value"
              }
            ],
            "httpBody": null
          },
          "extra": {
            "commands": [
              {
                "commandName": "",
                "params": [
                  {
                    "key": "",
                    "value": ""
                  }
                ]
              }
            ],
            "extraInfo": [
              {
                "key": "",
                "value": ""
              }
            ]
          },
          "javascriptConfig": {
            "removeJavascript": true,
            "loadInWebView": false,
            "javaScript": "function Resolver(request, extra, javascriptConfig, output) { this.request = request; this.extra = extra; this.javascriptConfig = javascriptConfig; this.output = output;}function ModuleRequest(url, method, headers, httpBody) { this.url = url; this.method = method; this.headers = headers; this.httpBody = httpBody;}function Extra(commands, extraInfo) { this.commands = commands; this.extraInfo = extraInfo;}function Commands(commandName, params) { this.commandName = commandName; this.params = params;}function JavascriptConfig(removeJavascript, loadInWebView, javaScript) { this.removeJavascript = removeJavascript; this.loadInWebView = loadInWebView; this.javaScript = javaScript;}function KeyValue(key, value) { this.key = key; this.value = value;}function Output(video) { this.video = video;}function Video(videoQuality, videoLink) { this.videoQuality = videoQuality; this.videoLink = videoLink;}function getNext(match, array) { for (var x = 0; x < array.length; x++) { let mMatch = array[x]; if (mMatch.includes(match)) { return array[x + 1]; } }}var savedData = document.getElementById('ketsu-final-data');var parsedJson = JSON.parse(savedData.innerHTML);var emptyKeyValue = [new KeyValue('', '')];var videos = [];let _keyStr = 'ABCDEFGHIJKLMNOPQRSTUVWXYZabcdefghijklmnopqrstuvwxyz0123456789+/=';function Decode(input) { var output = ''; var chr1, chr2, chr3; var enc1, enc2, enc3, enc4; var i = 0; input = input.replace(/[^A-Za-z0-9\\+\\/\\=]/g, ''); while (i < input.length) { enc1 = _keyStr.indexOf(input.charAt(i++)); enc2 = _keyStr.indexOf(input.charAt(i++)); enc3 = _keyStr.indexOf(input.charAt(i++)); enc4 = _keyStr.indexOf(input.charAt(i++)); chr1 = (enc1 << 2) | (enc2 >> 4); chr2 = ((enc2 & 15) << 4) | (enc3 >> 2); chr3 = ((enc3 & 3) << 6) | enc4; output = output + String.fromCharCode(chr1); if (enc3 != 64) { output = output + String.fromCharCode(chr2); } if (enc4 != 64) { output = output + String.fromCharCode(chr3); } } return output;}function getData(name, array) { for (var x = 0; x < array.length; x++) { var text = array[x]; if (text == name) { return array[x + 1]; } }}function getBeforeData(name, array) { for (var x = 0; x < array.length; x++) { var text = array[x]; if (text == name) { return array[x - 1]; } }}function getHtmlStuff(array, match) { for (var x = 0; x < array.length; x++) { let data = array[x].innerText; if (data.includes(match)) { return array[x]; } }}function getStuff1(array, match) { for (var x = 0; x < array.length; x++) { let data = array[x]; if (data.includes(match)) { return array[x]; } }}function getStuff2(array, match) { for (var x = 0; x < array.length; x++) { let data = array[x].innerText; if (data.includes(match)) { let realdata = Decode(data.split('decode(\"')[1].split('\"))')[0]); if (realdata.includes('.m3u8')) { return array[x]; } } }}if (document.querySelector('iframe') !== null) { let servername = parsedJson.request.url.split('beststremo.com/')[1].split('/')[0];let reqlink = 'https://beststremo.com/'+servername+'/' + document.querySelector('iframe').src;let emptyExtra = new Extra([new Commands('', emptyKeyValue)], emptyKeyValue);var chaptersObject = new Resolver(new ModuleRequest(reqlink, 'get', emptyKeyValue, null), emptyExtra, new JavascriptConfig(true, false, ''), new Output(videos));var finalJson = JSON.stringify(chaptersObject);savedData.innerHTML = finalJson; } else { let scripts = document.querySelectorAll('script');let videohtml = getHtmlStuff(scripts, 'document.body').innerText.split('decode(\"')[1].split('\"))')[0];videohtml = Decode(videohtml).split('\"');let nextreqlink = getStuff1(videohtml, 'https://');let emptyExtra = new Extra([new Commands('', emptyKeyValue)], emptyKeyValue);var chaptersObject = new Resolver(new ModuleRequest(nextreqlink, 'get', emptyKeyValue, null), emptyExtra, new JavascriptConfig(false, false, ''), new Output(videos));var finalJson = JSON.stringify(chaptersObject);savedData.innerHTML = finalJson;}"
          },
          "output": {
            "moduleID": "",
            "video": [
              {
                "videoQuality": "720",
                "videoLink": {
                  "url": "http://commondatastorage.googleapis.com/gtv-videos-bucket/sample/BigBuckBunny.mp4",
                  "method": "get",
                  "headers": [
                    {
                      "key": "key",
                      "value": "value"
                    }
                  ],
                  "httpBody": null
                }
              }
            ]
          }
        },{
          "request": {
            "url": "",
            "method": "get",
            "headers": [
              {
                "key": "key",
                "value": "value"
              }
            ],
            "httpBody": null
          },
          "extra": {
            "commands": [
              {
                "commandName": "",
                "params": [
                  {
                    "key": "",
                    "value": ""
                  }
                ]
              }
            ],
            "extraInfo": [
              {
                "key": "",
                "value": ""
              }
            ]
          },
          "javascriptConfig": {
            "removeJavascript": true,
            "loadInWebView": false,
            "javaScript": "function Resolver(request, extra, javascriptConfig, output) { this.request = request; this.extra = extra; this.javascriptConfig = javascriptConfig; this.output = output;}function ModuleRequest(url, method, headers, httpBody) { this.url = url; this.method = method; this.headers = headers; this.httpBody = httpBody;}function Extra(commands, extraInfo) { this.commands = commands; this.extraInfo = extraInfo;}function Commands(commandName, params) { this.commandName = commandName; this.params = params;}function JavascriptConfig(removeJavascript, loadInWebView, javaScript) { this.removeJavascript = removeJavascript; this.loadInWebView = loadInWebView; this.javaScript = javaScript;}function KeyValue(key, value) { this.key = key; this.value = value;}function Output(video) { this.video = video;}function Video(videoQuality, videoLink) { this.videoQuality = videoQuality; this.videoLink = videoLink;}function getNext(match, array) { for (var x = 0; x < array.length; x++) { let mMatch = array[x]; if (mMatch.includes(match)) { return array[x + 1]; } }}var savedData = document.getElementById('ketsu-final-data');var parsedJson = JSON.parse(savedData.innerHTML);var emptyKeyValue = [new KeyValue('', '')];var videos = [];let _keyStr = 'ABCDEFGHIJKLMNOPQRSTUVWXYZabcdefghijklmnopqrstuvwxyz0123456789+/=';function Decode(input) { var output = ''; var chr1, chr2, chr3; var enc1, enc2, enc3, enc4; var i = 0; input = input.replace(/[^A-Za-z0-9\\+\\/\\=]/g, ''); while (i < input.length) { enc1 = _keyStr.indexOf(input.charAt(i++)); enc2 = _keyStr.indexOf(input.charAt(i++)); enc3 = _keyStr.indexOf(input.charAt(i++)); enc4 = _keyStr.indexOf(input.charAt(i++)); chr1 = (enc1 << 2) | (enc2 >> 4); chr2 = ((enc2 & 15) << 4) | (enc3 >> 2); chr3 = ((enc3 & 3) << 6) | enc4; output = output + String.fromCharCode(chr1); if (enc3 != 64) { output = output + String.fromCharCode(chr2); } if (enc4 != 64) { output = output + String.fromCharCode(chr3); } } return output;}function getData(name, array) { for (var x = 0; x < array.length; x++) { var text = array[x]; if (text == name) { return array[x + 1]; } }}function getBeforeData(name, array) { for (var x = 0; x < array.length; x++) { var text = array[x]; if (text == name) { return array[x - 1]; } }}function getHtmlStuff(array, match) { for (var x = 0; x < array.length; x++) { let data = array[x].innerText; if (data.includes(match)) { return array[x]; } }}function getStuff1(array, match) { for (var x = 0; x < array.length; x++) { let data = array[x]; if (data.includes(match)) { return array[x]; } }}function getStuff2(array, match) { for (var x = 0; x < array.length; x++) { let data = array[x].innerText; if (data.includes(match)) { let realdata = Decode(data.split('decode(\"')[1].split('\"))')[0]); if (realdata.includes('.m3u8')) { return array[x]; } } }}if (document.querySelector('iframe') !== null) { let servername = parsedJson.request.url.split('beststremo.com/')[1].split('/')[0]; let reqlink = 'https://beststremo.com/' + servername + '/' + document.querySelector('iframe').src; let emptyExtra = new Extra([new Commands('', emptyKeyValue)], emptyKeyValue); var chaptersObject = new Resolver(new ModuleRequest(reqlink, 'get', emptyKeyValue, null), emptyExtra, new JavascriptConfig(true, false, ''), new Output(videos)); var finalJson = JSON.stringify(chaptersObject); savedData.innerHTML = finalJson;} else { let scripts = document.querySelectorAll('p'); let videohtml = getHtmlStuff(scripts, 'document.body').innerText.split('decode(\"')[1].split('\"))')[0]; videohtml = Decode(videohtml).split('\"'); let nextreqlink = getStuff1(videohtml, 'https://'); let emptyExtra = new Extra([new Commands('', emptyKeyValue)], emptyKeyValue); var chaptersObject = new Resolver(new ModuleRequest(nextreqlink, 'get', emptyKeyValue, null), emptyExtra, new JavascriptConfig(false, false, ''), new Output(videos)); var finalJson = JSON.stringify(chaptersObject); savedData.innerHTML = finalJson;}"
          },
          "output": {
            "moduleID": "",
            "video": [
              {
                "videoQuality": "720",
                "videoLink": {
                  "url": "http://commondatastorage.googleapis.com/gtv-videos-bucket/sample/BigBuckBunny.mp4",
                  "method": "get",
                  "headers": [
                    {
                      "key": "key",
                      "value": "value"
                    }
                  ],
                  "httpBody": null
                }
              }
            ]
          }
        },{
          "request": {
            "url": "",
            "method": "get",
            "headers": [
              {
                "key": "key",
                "value": "value"
              }
            ],
            "httpBody": null
          },
          "extra": {
            "commands": [
              {
                "commandName": "",
                "params": [
                  {
                    "key": "",
                    "value": ""
                  }
                ]
              }
            ],
            "extraInfo": [
              {
                "key": "",
                "value": ""
              }
            ]
          },
          "javascriptConfig": {
            "removeJavascript": false,
            "loadInWebView": false,
            "javaScript": "function Resolver(request, extra, javascriptConfig, output) { this.request = request; this.extra = extra; this.javascriptConfig = javascriptConfig; this.output = output;}function ModuleRequest(url, method, headers, httpBody) { this.url = url; this.method = method; this.headers = headers; this.httpBody = httpBody;}function Extra(commands, extraInfo) { this.commands = commands; this.extraInfo = extraInfo;}function Commands(commandName, params) { this.commandName = commandName; this.params = params;}function JavascriptConfig(removeJavascript, loadInWebView, javaScript) { this.removeJavascript = removeJavascript; this.loadInWebView = loadInWebView; this.javaScript = javaScript;}function KeyValue(key, value) { this.key = key; this.value = value;}function Output(video) { this.video = video;}function Video(videoQuality, videoLink) { this.videoQuality = videoQuality; this.videoLink = videoLink;}function getNext(match, array) { for (var x = 0; x < array.length; x++) { let mMatch = array[x]; if (mMatch.includes(match)) { return array[x + 1]; } }}var savedData = document.getElementById('ketsu-final-data');var parsedJson = JSON.parse(savedData.innerHTML);var emptyKeyValue = [new KeyValue('', '')];var videos = [];function getData(name, array) { for (var x = 0; x < array.length; x++) { var text = array[x]; if (text == name) { return array[x + 1]; } }}function getBeforeData(name, array) { for (var x = 0; x < array.length; x++) { var text = array[x]; if (text == name) { return array[x - 1]; } }}function getHtmlStuff(array, match) { for (var x = 0; x < array.length; x++) { let data = array[x].innerText; if (data.includes(match)) { return array[x]; } }}function getStuff1(array, match) { for (var x = 0; x < array.length; x++) { let data = array[x]; if (data.includes(match)) { return array[x]; } }}let link = window.__PLAYER_CONFIG__.metadata.qualities.auto[0].url;videos.push(new Video('Default', new ModuleRequest(link, 'get', emptyKeyValue, null)));let emptyExtra = new Extra([new Commands('', emptyKeyValue)], emptyKeyValue);var chaptersObject = new Resolver(new ModuleRequest('', '', emptyKeyValue, null), emptyExtra, new JavascriptConfig(false, false, ''), new Output(videos));var finalJson = JSON.stringify(chaptersObject);savedData.innerHTML = finalJson;"
          },
          "output": {
            "moduleID": "",
            "video": [
              {
                "videoQuality": "720",
                "videoLink": {
                  "url": "http://commondatastorage.googleapis.com/gtv-videos-bucket/sample/BigBuckBunny.mp4",
                  "method": "get",
                  "headers": [
                    {
                      "key": "key",
                      "value": "value"
                    }
                  ],
                  "httpBody": null
                }
              }
            ]
          }
        }
      ]
    },{
      "resolverInfo": {
        "resolverName": "A-KICKASSANIME",
        "nameMatches": [
          "A-KICKASSANIME","THETA-ORIGINAL","BETA-SERVER"
        ],
        "developer": "Noah G",
        "moduleID": "25780265298384",
        "resolverVersion": 1,
        "baseURL": "https://beststremo.com/"
      },
      "resolver": [
        {
          "request": {
            "url": "",
            "method": "get",
            "headers": [
              {
                "key": "key",
                "value": "value"
              }
            ],
            "httpBody": null
          },
          "extra": {
            "commands": [
              {
                "commandName": "",
                "params": [
                  {
                    "key": "",
                    "value": ""
                  }
                ]
              }
            ],
            "extraInfo": [
              {
                "key": "",
                "value": ""
              }
            ]
          },
          "javascriptConfig": {
            "removeJavascript": true,
            "loadInWebView": false,
            "javaScript": " function Resolver(request, extra, javascriptConfig, output) { this.request = request; this.extra = extra; this.javascriptConfig = javascriptConfig; this.output = output;}function ModuleRequest(url, method, headers, httpBody) { this.url = url; this.method = method; this.headers = headers; this.httpBody = httpBody;}function Extra(commands, extraInfo) { this.commands = commands; this.extraInfo = extraInfo;}function Commands(commandName, params) { this.commandName = commandName; this.params = params;}function JavascriptConfig(removeJavascript, loadInWebView, javaScript) { this.removeJavascript = removeJavascript; this.loadInWebView = loadInWebView; this.javaScript = javaScript;}function KeyValue(key, value) { this.key = key; this.value = value;}function Output(video) { this.video = video;}function Video(videoQuality, videoLink) { this.videoQuality = videoQuality; this.videoLink = videoLink;}function getNext(match, array) { for (var x = 0; x < array.length; x++) { let mMatch = array[x]; if (mMatch.includes(match)) { return array[x + 1]; } }}var savedData = document.getElementById('ketsu-final-data');var parsedJson = JSON.parse(savedData.innerHTML);var emptyKeyValue = [new KeyValue('', '')];var videos = [];let _keyStr = 'ABCDEFGHIJKLMNOPQRSTUVWXYZabcdefghijklmnopqrstuvwxyz0123456789+/=';function Decode(input) { var output = ''; var chr1, chr2, chr3; var enc1, enc2, enc3, enc4; var i = 0; input = input.replace(/[^A-Za-z0-9\\+\\/\\=]/g, ''); while (i < input.length) { enc1 = _keyStr.indexOf(input.charAt(i++)); enc2 = _keyStr.indexOf(input.charAt(i++)); enc3 = _keyStr.indexOf(input.charAt(i++)); enc4 = _keyStr.indexOf(input.charAt(i++)); chr1 = (enc1 << 2) | (enc2 >> 4); chr2 = ((enc2 & 15) << 4) | (enc3 >> 2); chr3 = ((enc3 & 3) << 6) | enc4; output = output + String.fromCharCode(chr1); if (enc3 != 64) { output = output + String.fromCharCode(chr2); } if (enc4 != 64) { output = output + String.fromCharCode(chr3); } } return output;}function getData(name, array) { for (var x = 0; x < array.length; x++) { var text = array[x]; if (text == name) { return array[x + 1]; } }}function getBeforeData(name, array) { for (var x = 0; x < array.length; x++) { var text = array[x]; if (text == name) { return array[x - 1]; } }}function getHtmlStuff(array, match) { for (var x = 0; x < array.length; x++) { let data = array[x].innerText; if (data.includes(match)) { return array[x]; } }}function getStuff1(array, match) { for (var x = 0; x < array.length; x++) { let data = array[x]; if (data.includes(match)) { return array[x]; } }}function getStuff2(array, match) { for (var x = 0; x < array.length; x++) { let data = array[x].innerText; if (data.includes(match)) { let realdata = Decode(data.split('decode(\"')[1].split('\"))')[0]); if (realdata.includes('.m3u8')) { return array[x]; } } }}if (document.querySelector('iframe') !== null) { let servername = parsedJson.request.url.split('beststremo.com/')[1].split('/')[0]; let reqlink = 'https://beststremo.com/' + servername + '/' + document.querySelector('iframe').src; let emptyExtra = new Extra([new Commands('', emptyKeyValue)], emptyKeyValue); var chaptersObject = new Resolver(new ModuleRequest(reqlink, 'get', emptyKeyValue, null), emptyExtra, new JavascriptConfig(true, false, ''), new Output(videos)); var finalJson = JSON.stringify(chaptersObject); savedData.innerHTML = finalJson;} else { let scripts = document.querySelectorAll('p'); let videohtml = getHtmlStuff(scripts, 'document.write').innerText.split('decode(\"')[1].split('\"))')[0]; videohtml = Decode(videohtml).split('sources: ')[1].split(', mute:')[0].split('\"'); let videolink = getStuff1(videohtml, 'https://');let keyValue = [new KeyValue('origin','https://video.wixstatic.com'),new KeyValue('referer','https://beststremo.com/')]; videos.push(new Video('Default', new ModuleRequest(videolink, 'get', keyValue, null))); let emptyExtra = new Extra([new Commands('', emptyKeyValue)], emptyKeyValue); var chaptersObject = new Resolver(new ModuleRequest('', '', emptyKeyValue, null), emptyExtra, new JavascriptConfig(false, false, ''), new Output(videos)); var finalJson = JSON.stringify(chaptersObject); savedData.innerHTML = finalJson;}"
          },
          "output": {
            "moduleID": "",
            "video": [
              {
                "videoQuality": "720",
                "videoLink": {
                  "url": "http://commondatastorage.googleapis.com/gtv-videos-bucket/sample/BigBuckBunny.mp4",
                  "method": "get",
                  "headers": [
                    {
                      "key": "key",
                      "value": "value"
                    }
                  ],
                  "httpBody": null
                }
              }
            ]
          }
        }
      ]
    },{
      "resolverInfo": {
        "resolverName": "BETAPLAYER",
        "nameMatches": [
          "BETAPLAYER"
        ],
        "developer": "Noah G",
        "moduleID": "78926818941",
        "resolverVersion": 1,
        "baseURL": "https://betaplayer.life/"
      },
      "resolver": [
        {
          "request": {
            "url": "",
            "method": "get",
            "headers": [
              {
                "key": "key",
                "value": "value"
              }
            ],
            "httpBody": null
          },
          "extra": {
            "commands": [
              {
                "commandName": "",
                "params": [
                  {
                    "key": "",
                    "value": ""
                  }
                ]
              }
            ],
            "extraInfo": [
              {
                "key": "",
                "value": ""
              }
            ]
          },
          "javascriptConfig": {
            "removeJavascript": false,
            "loadInWebView": false,
            "javaScript": " function Resolver(request, extra, javascriptConfig, output) { this.request = request; this.extra = extra; this.javascriptConfig = javascriptConfig; this.output = output;}function ModuleRequest(url, method, headers, httpBody) { this.url = url; this.method = method; this.headers = headers; this.httpBody = httpBody;}function Extra(commands, extraInfo) { this.commands = commands; this.extraInfo = extraInfo;}function Commands(commandName, params) { this.commandName = commandName; this.params = params;}function JavascriptConfig(removeJavascript, loadInWebView, javaScript) { this.removeJavascript = removeJavascript; this.loadInWebView = loadInWebView; this.javaScript = javaScript;}function KeyValue(key, value) { this.key = key; this.value = value;}function Output(video) { this.video = video;}function Video(videoQuality, videoLink) { this.videoQuality = videoQuality; this.videoLink = videoLink;}function getNext(match, array) { for (var x = 0; x < array.length; x++) { let mMatch = array[x]; if (mMatch.includes(match)) { return array[x + 1]; } }}var savedData = document.getElementById('ketsu-final-data');var parsedJson = JSON.parse(savedData.innerHTML);var emptyKeyValue = [new KeyValue('', '')];var videos = [];function getData(name, array) { for (var x = 0; x < array.length; x++) { var text = array[x]; if (text == name) { return array[x + 1]; } }}function getBeforeData(name, array) { for (var x = 0; x < array.length; x++) { var text = array[x]; if (text == name) { return array[x - 1]; } }}function getHtmlStuff(array, match) { for (var x = 0; x < array.length; x++) { let data = array[x].innerText; if (data.includes(match)) { return array[x]; } }}for (var x = 0; x < window.files.length; x++) { let filee = window.files[x]; let link = filee.file; let label = filee.label; link = encodeURI(link); videos.push(new Video(label, new ModuleRequest(link, 'get', emptyKeyValue, null)));}let emptyExtra = new Extra([new Commands('', emptyKeyValue)], emptyKeyValue);var chaptersObject = new Resolver(new ModuleRequest('', '', emptyKeyValue, null), emptyExtra, new JavascriptConfig(false, false, ''), new Output(videos));var finalJson = JSON.stringify(chaptersObject);savedData.innerHTML = finalJson;"
          },
          "output": {
            "moduleID": "",
            "video": [
              {
                "videoQuality": "720",
                "videoLink": {
                  "url": "http://commondatastorage.googleapis.com/gtv-videos-bucket/sample/BigBuckBunny.mp4",
                  "method": "get",
                  "headers": [
                    {
                      "key": "key",
                      "value": "value"
                    }
                  ],
                  "httpBody": null
                }
              }
            ]
          }
        }
      ]
    },{
      "resolverInfo": {
        "resolverName": "HTML5",
        "nameMatches": [
          "HTML5","BETASERVER3"
        ],
        "developer": "Noah G",
        "moduleID": "4619680515",
        "resolverVersion": 1,
        "baseURL": ""
      },
      "resolver": [
        {
          "request": {
            "url": "",
            "method": "get",
            "headers": [
              {
                "key": "key",
                "value": "value"
              }
            ],
            "httpBody": null
          },
          "extra": {
            "commands": [
              {
                "commandName": "",
                "params": [
                  {
                    "key": "",
                    "value": ""
                  }
                ]
              }
            ],
            "extraInfo": [
              {
                "key": "",
                "value": ""
              }
            ]
          },
          "javascriptConfig": {
            "removeJavascript": true,
            "loadInWebView": false,
            "javaScript": "function Resolver(request, extra, javascriptConfig, output) { this.request = request; this.extra = extra; this.javascriptConfig = javascriptConfig; this.output = output;}function ModuleRequest(url, method, headers, httpBody) { this.url = url; this.method = method; this.headers = headers; this.httpBody = httpBody;}function Extra(commands, extraInfo) { this.commands = commands; this.extraInfo = extraInfo;}function Commands(commandName, params) { this.commandName = commandName; this.params = params;}function JavascriptConfig(removeJavascript, loadInWebView, javaScript) { this.removeJavascript = removeJavascript; this.loadInWebView = loadInWebView; this.javaScript = javaScript;}function KeyValue(key, value) { this.key = key; this.value = value;}function Output(video) { this.video = video;}function Video(videoQuality, videoLink) { this.videoQuality = videoQuality; this.videoLink = videoLink;}function getNext(match, array) { for (var x = 0; x < array.length; x++) { let mMatch = array[x]; if (mMatch.includes(match)) { return array[x + 1]; } }}var savedData = document.getElementById('ketsu-final-data');var parsedJson = JSON.parse(savedData.innerHTML);var emptyKeyValue = [new KeyValue('', '')];var videos = [];function getData(name, array) { for (var x = 0; x < array.length; x++) { var text = array[x]; if (text == name) { return array[x + 1]; } }}function getBeforeData(name, array) { for (var x = 0; x < array.length; x++) { var text = array[x]; if (text == name) { return array[x - 1]; } }}function getHtmlStuff(array, match) { for (var x = 0; x < array.length; x++) { let data = array[x].innerText; if (data.includes(match)) { return array[x]; } }}if (document.querySelector('iframe') !== null && !parsedJson.request.url.includes('pref')) { let servername = parsedJson.request.url.split('beststremo.com/')[1].split('/')[0]; let remove = parsedJson.request.url.split(servername + '/')[1].split('.php')[0]; let reqlink = parsedJson.request.url.replace(remove, 'pref'); let emptyExtra = new Extra([new Commands('', emptyKeyValue)], emptyKeyValue); var chaptersObject = new Resolver(new ModuleRequest(reqlink, 'get', emptyKeyValue, null), emptyExtra, new JavascriptConfig(true, false, ''), new Output(videos)); var finalJson = JSON.stringify(chaptersObject); savedData.innerHTML = finalJson;} else {  if (document.querySelector('#divDownload') !== null) { let servers = document.querySelectorAll('#divDownload > a'); servers.forEach(item=>{ videos.push(new Video(item.innerText, new ModuleRequest(item.href, 'get', emptyKeyValue, null))); }); let emptyExtra = new Extra([new Commands('', emptyKeyValue)], emptyKeyValue); var chaptersObject = new Resolver(new ModuleRequest('', '', emptyKeyValue, null), emptyExtra, new JavascriptConfig(false, false, ''), new Output(videos)); var finalJson = JSON.stringify(chaptersObject); savedData.innerHTML = finalJson; } else { let ptags = document.querySelectorAll('p'); let scripts = getHtmlStuff(ptags, '\"file\"').innerText.split('sources: ')[1].split(', mute:')[0]; let scriptdata = JSON.parse(scripts); for (var x = 0; x < scriptdata.length; x++) { let link = scriptdata[x].file; if (link !== '') { let name = scriptdata[x].label; videos.push(new Video(name, new ModuleRequest(link, 'get', emptyKeyValue, null))); } } emptyExtra = new Extra([new Commands('', emptyKeyValue)], emptyKeyValue); chaptersObject = new Resolver(new ModuleRequest('', '', emptyKeyValue, null), emptyExtra, new JavascriptConfig(false, false, ''), new Output(videos)); finalJson = JSON.stringify(chaptersObject).replace(/¶/g,'para'); savedData.innerHTML = finalJson;}}"
          },
          "output": {
            "moduleID": "",
            "video": [
              {
                "videoQuality": "720",
                "videoLink": {
                  "url": "http://commondatastorage.googleapis.com/gtv-videos-bucket/sample/BigBuckBunny.mp4",
                  "method": "get",
                  "headers": [
                    {
                      "key": "key",
                      "value": "value"
                    }
                  ],
                  "httpBody": null
                }
              }
            ]
          }
        }
      ]
    }
  ],
  "responseCodeFunctions": [
    {
      "code": 0,
      "msgTitle": "",
      "msgBody": "",
      "type": "normal",
      "functions": [
        {
          "request": {
            "url": "empty",
            "method": "get",
            "headers": [
              {
                "key": "key",
                "value": "value"
              }
            ],
            "httpBody": null
          },
          "extra": {
            "commands": [
              {
                "commandName": "",
                "params": [
                  {
                    "key": "",
                    "value": ""
                  }
                ]
              }
            ],
            "extraInfo": [
              {
                "key": "",
                "value": ""
              }
            ]
          },
          "javascriptConfig": {
            "removeJavascript": true,
            "loadInWebView": false,
            "javaScript": ""
          }
        }
      ]
    }
  ],
  "helperFunctions": [
    {
      "functionName": "example",
      "msgTitle": "",
      "msgBody": "",
      "type": "normal",
      "functions": [
        {
          "request": {
            "url": "empty",
            "method": "get",
            "headers": [
              {
                "key": "key",
                "value": "value"
              }
            ],
            "httpBody": null
          },
          "extra": {
            "commands": [
              {
                "commandName": "",
                "params": [
                  {
                    "key": "",
                    "value": ""
                  }
                ]
              }
            ],
            "extraInfo": [
              {
                "key": "",
                "value": ""
              }
            ]
          },
          "javascriptConfig": {
            "removeJavascript": true,
            "loadInWebView": false,
            "javaScript": ""
          }
        }
      ]
    }
  ]
}
