{
  "moduleInfo": {
    "moduleName": "JKAnime",
    "moduleInitials": "",
    "moduleDesc": "This is a module to get data from jkanime website enjoy.",
    "developer": "user123",
    "moduleID": "234234823",
    "moduleImage": "https://media.cdnandroid.com/9a/6b/e0/2f/imagen-jkanime-0thumb.jpeg",
    "moduleVersion": 1.9,
    "moduleLenguage": "ESP",
    "moduleType": "Video",
    "baseURL": "https://jkanime.net/",
    "moduleDeveloperSite": "https://modketuser.github.io/Modules-KETSU/index.html",
    "UpdateSite": "https://raw.githubusercontent.com/mprotmod/Modules-KETSU/main/Module%20Parser%20KETSU/JKAnime/moduleTemplate.json",
    "preferedServer": "UM",
    "preferedDownloadServer": "UM",
    "blackListed": [
      ""
    ]
  },
  "global": {
    "variables": [
      {
        "key": "",
        "value": ""
      }
    ],
    "cookies": [
      {
        "key": "",
        "value": ""
      }
    ],
    "headers": [
      {
        "key": "",
        "value": ""
      }
    ]
  },
  "mainPage": [
    {
      "request": {
        "url": "https://jkanime.net/",
        "method": "get",
        "headers": [
          {
            "key": "",
            "value": ""
          }
        ],
        "httpBody": null
      },
      "extra": {
        "commands": [
          {
            "commandName": "",
            "params": [
              {
                "key": "",
                "value": ""
              }
            ]
          }
        ],
        "extraInfo": [
          {
            "key": "",
            "value": ""
          }
        ]
      },
      "javascriptConfig": {
        "removeJavascript": true,
        "loadInWebView": false,
        "javaScript": " const DefaultLayouts = { ultraWideFull: 'ultraWideFull', ultraWide: 'ultraWide', wideFull: 'wideFull', wide: 'wide', wideStrechedFull: 'wideStrechedFull', wideStrechedFullDouble: 'WideStrechedFullDouble', wideStreched: 'wideStreched', wideStrechedDouble: 'wideStrechedDouble', wideStrechedFullList: 'wideStrechedFullList', wideStrechedList: 'wideStrechedList', doublets: 'doublets', doubletsDouble: 'doubletsDouble', doubletsFull: 'doubletsFull', doubletsFullDouble: 'doubletsFullDouble', doubletsConstant: 'doubletsConstant', doubletsDoubleConstant: 'doubletsDoubleConstant', doubletsFullConstant: 'doubletsFullConstant', doubletsFullDoubleConstant: 'doubletsFullDoubleConstant', longDoublets: 'longDoublets', longDoubletsDouble: 'longDoubletsDouble', longDoubletsFull: 'longDoubletsFull', longDoubletsFullDouble: 'longDoubletsFullDouble', longDoubletsConstant: 'longDoubletsConstant', longDoubletsDoubleConstant: 'longDoubletsDoubleConstant', longDoubletsFullConstant: 'longDoubletsFullConstant', longDoubletsFullDoubleConstant: 'longDoubletsFullDoubleConstant', triplets: 'triplets', tripletsDouble: 'tripletsDouble', tripletsFull: 'tripletsFull', tripletsFullDouble: 'tripletsFullDouble', tripletsConstant: 'tripletsConstant', tripletsDoubleConstant: 'tripletsDoubleConstant', tripletsFullConstant: 'tripletsFullConstant', tripletsFullDoubleConstant: 'tripletsFullDoubleConstant', longTriplets: 'longTriplets', longTripletsDouble: 'longTripletsDouble', longTripletsFull: 'longTripletsFull', longTripletsFullDouble: 'longTripletsFullDouble', longTripletsConstant: 'longTripletsConstant', longTripletsDoubleConstant: 'longTripletsDoubleConstant', longTripletsFullConstant: 'longTripletsFullConstant', longTripletsFullDoubleConstant: 'longTripletsFullDoubleConstant', none: ''};const CellDesings = { small1: 'small1', small2: 'small2', normal1: 'normal1', normal2: 'normal2', normal3: 'normal3', normal4: 'normal4', normal5: 'normal5', normal6: 'normal6', normal7: 'normal7', wide1: 'wide1', wide2: 'wide2', wide3: 'wide3', wide4: 'wide4', wide5: 'wide5', wide6: 'wide6', wide7: 'wide7', wide8: 'wide8', wide9: 'wide9', wide10: 'wide10', wide11: 'wide11', Special1: 'Special1', Special2: 'Special2', Special3: 'Special3'};const Paging = { leading: 'leading', centered: 'centered', none: ''};const Orientation = { horizontal: 'horizontal', vertical: 'vertical'};function MainPage(request, extra, javascriptConfig, output) { this.request = request; this.extra = extra; this.javascriptConfig = javascriptConfig; this.output = output;}function ModuleRequest(url, method, headers, httpBody) { this.url = url; this.method = method; this.headers = headers; this.httpBody = httpBody;}function Extra(commands, extraInfo) { this.commands = commands; this.extraInfo = extraInfo;}function Commands(commandName, params) { this.commandName = commandName; this.params = params;}function JavascriptConfig(removeJavascript, loadInWebView, javaScript) { this.removeJavascript = removeJavascript; this.loadInWebView = loadInWebView; this.javaScript = javaScript;}function KeyValue(key, value) { this.key = key; this.value = value;}function Output(cellDesing, orientation, defaultLayout, paging, section, layout, data) { this.cellDesing = cellDesing; this.orientation = orientation; this.defaultLayout = defaultLayout; this.paging = paging; this.section = section; this.layout = layout; this.data = data;}function Section(sectionName, separator) { this.sectionName = sectionName; this.separator = separator;}function Layout(insets, visibleCellsWidthS, visibleCellsWidthM, visibleCellsWidthL, visibleCellsHeight, heightForVisibleCells, cellSize, ratio, constant, horizontalSpacing, verticalSpacing) { this.insets = insets; this.visibleCellsWidthS = visibleCellsWidthS; this.visibleCellsWidthM = visibleCellsWidthM; this.visibleCellsWidthL = visibleCellsWidthL; this.visibleCellsHeight = visibleCellsHeight; this.heightForVisibleCells = heightForVisibleCells; this.cellSize = cellSize; this.ratio = ratio; this.constant = constant; this.horizontalSpacing = horizontalSpacing; this.verticalSpacing = verticalSpacing;}function Insets(top, bottom, left, right) { this.top = top; this.bottom = bottom; this.left = left; this.right = right;}function Size(width, height) { this.width = width; this.height = height;}function Ratio(inRelation, number1, number2) { this.inRelation = inRelation; this.number1 = number1; this.number2 = number2;}function Data(image, title, description, field1, field2, field3, field4, moduleID, isChapter, link) { this.image = image; this.title = title; this.description = description; this.field1 = field1; this.field2 = field2; this.field3 = field3; this.field4 = field4; this.moduleID = moduleID; this.isChapter = isChapter; this.link = link;}var savedData = document.getElementById('ketsu-final-data');var parsedJson = JSON.parse(savedData.innerHTML);let output = [];let emptyKeyValue = [new KeyValue('', '')];let moduleID = '234234823';let episodes = document.querySelector('.listadoanime-home').querySelectorAll('.bloqq');let episodesArray = [];function shuffle(a) { var j, x, i; for (i = a.length - 1; i > 0; i--) { j = Math.floor(Math.random() * (i + 1)); x = a[i]; a[i] = a[j]; a[j] = x; } return a;}function quickData(link, image, title, field1) { return new Data(image, title, 'unknown', field1, 'unknown', 'unknown', 'unknown', moduleID, false, link);}var topLayout = new Layout(new Insets(0, 0, 0, 0), 1, 2, 3, 1, 500, new Size(400, 400), new Ratio('width', 1, 1), new Size(0, 0), 0, 0);var episodesArray2 = [];for (var x = 0; x < episodes.length; x++) { let episode = episodes[x]; var image = episode.querySelector('img').src; image = new ModuleRequest(image, 'get', emptyKeyValue, null); let title = episode.querySelector('.anime__sidebar__comment__item__text').querySelector('h5').textContent; var ep = episode.querySelector('.anime__sidebar__comment__item__text').querySelector('h6').textContent; var link = episode.href.split('/'); link.pop(); link.pop(); link = link.join('/') + '/'; link = new ModuleRequest(link, 'get', emptyKeyValue, null); var data = new Data(image, title, title, title, ep, 'Ongoing', 'EmptyValue', moduleID, false, link); episodesArray.push(data); data = new Data(image, title, ep, ep, ep, 'Ongoing', 'EmptyValue', moduleID, false, link); episodesArray2.push(data);}output.push(new Output(CellDesings.Special3, Orientation.horizontal, DefaultLayouts.none, Paging.leading, new Section('', true), topLayout, shuffle(episodesArray.slice())));output.push(new Output(CellDesings.normal2, Orientation.horizontal, DefaultLayouts.longTripletsFullDouble, Paging.leading, new Section('Last Episodes', true), null, episodesArray2));var testLayout = new Layout(new Insets(10, 10, 10, 10), 1, 3, 5, 1, 500, new Size(400, 400), new Ratio('width', 11, 10), new Size(-60, 0), 10, 10);let destacados = document.querySelectorAll('.hero__items');let destacadosArray = [];for (var x = 0; x < destacados.length; x++) { var destacado = destacados[x]; var image = destacado.getAttribute('data-setbg'); image = new ModuleRequest(image, 'get', emptyKeyValue, null); let title = destacado.querySelector('h2').textContent; var link = destacado.querySelector('a').href.split('/'); link.pop(); link.pop(); link = link.join('/') + '/'; link = new ModuleRequest(link, 'get', emptyKeyValue, null); let data = new Data(image, title, title, title, 'Ongoing', 'Uknown', '', moduleID, false, link); destacadosArray.push(data);}output.push(new Output(CellDesings.Special2, Orientation.horizontal, DefaultLayouts.none, Paging.leading, new Section('Most Seen', true), testLayout, destacadosArray));let top2 = document.querySelector('.destacados').querySelectorAll('.col-lg-4, .col-6');let topArray = [];for (var x = 0; x < top2.length; x++) { try { var topS = top2[x]; var image = topS.querySelector('.set-bg').getAttribute('data-setbg'); image = new ModuleRequest(image, 'get', emptyKeyValue, null); let title = topS.querySelector('.tituloblanco').textContent; var link = topS.querySelector('a').href; var place = '' + (x + 1); link = new ModuleRequest(link, 'get', emptyKeyValue, null); let data = new Data(image, title, 'Uknown', 'Place', 'Anime', 'Ongoing', 'This is a description', moduleID, false, link); topArray.push(data); } catch (e) { console.log(e); }}output.push(new Output(CellDesings.wide11, Orientation.horizontal, DefaultLayouts.wideFull, Paging.leading, new Section('Top', true), null, topArray));let lastAdded = document.querySelector('.trending__anime').querySelectorAll('.col-md-6');let lastAddedArray = [];for (var x = 0; x < lastAdded.length; x++) { try { var last = lastAdded[x]; var image = last.querySelector('.set-bg').getAttribute('data-setbg'); image = new ModuleRequest(image, 'get', emptyKeyValue, null); let title = last.querySelector('h5').querySelector('a').textContent; var link = last.querySelector('a').href; link = new ModuleRequest(link, 'get', emptyKeyValue, null); let data = new Data(image, title, 'Uknown', 'Anime', 'Ongoing', 'Unknown', '', moduleID, false, link); lastAddedArray.push(data); } catch (e) { console.log(e); }}output.push(new Output(CellDesings.wide2, Orientation.horizontal, DefaultLayouts.wideStrechedList, Paging.leading, new Section('Last Added', true), null, lastAddedArray));let list = document.querySelector('.side-menu').querySelectorAll('li');var dataArray = [];for (var x = 0; x < list.length; x++) { let listItm = list[x]; let title = listItm.textContent; var link = listItm.querySelector('a').href; link = new ModuleRequest(link, 'get', emptyKeyValue, null); let data = quickData(link, link, title, ''); dataArray.push(data);}var testLayout = new Layout(new Insets(0, 0, 10, 10), 1, 1, 1, 1, 50, new Size(400, 50), null, new Size(0, 0), 0, 0);output.push(new Output(CellDesings.small2, Orientation.vertical, DefaultLayouts.none, Paging.none, new Section('Animes Agregados', true), testLayout, dataArray));let MainPageObject = new MainPage(new ModuleRequest('', '', emptyKeyValue, null), new Extra([new Commands('', emptyKeyValue)], emptyKeyValue), new JavascriptConfig(true, false, ''), output);var finalJson = JSON.stringify(MainPageObject);savedData.innerHTML = finalJson;"
      },
      "output": [
        {
          "cellDesing": "normal1",
          "orientation": "vertical",
          "defaultLayout": "wide",
          "paging": "",
          "section": {
            "sectionName": "",
            "separator": false
          },
          "layout": {
            "insets": {
              "top": 0,
              "bottom": 0,
              "left": 0,
              "right": 0
            },
            "visibleCellsWidthS": 2,
            "visibleCellsWidthM": 2,
            "visibleCellsWidthL": 2,
            "visibleCellsHeight": 2,
            "heightForVisibleCells": 400,
            "cellSize": {
              "width": 300,
              "height": 300
            },
            "ratio": {
              "inRelation": "width",
              "number1": 1,
              "number2": 2
            },
            "constant": {
              "width": 1,
              "height": 2
            },
            "horizontalSpacing": 0,
            "verticalSpacing": 0
          },
          "data": [
            {
              "image": {
                "url": "https://jkanime.net/",
                "method": "get",
                "headers": [
                  {
                    "key": "",
                    "value": ""
                  }
                ],
                "httpBody": null
              },
              "title": "",
              "description": "",
              "field1": "",
              "field2": "",
              "field3": "",
              "field4": "",
              "moduleID": "2384029348",
              "isChapter": false,
              "link": {
                "url": "empty",
                "method": "get",
                "headers": [
                  {
                    "key": "key",
                    "value": "value"
                  }
                ],
                "httpBody": null
              }
            }
          ]
        }
      ]
    }
  ],
  "search": [
    {
      "request": {
        "url": "https://jkanime.net/buscar/<searched>/<page>/",
        "method": "get",
        "headers": [
          {
            "key": "key",
            "value": "value"
          }
        ],
        "httpBody": null
      },
      "separator": "_",
      "extra": {
        "commands": [
          {
            "commandName": "",
            "params": [
              {
                "key": "",
                "value": ""
              }
            ]
          }
        ],
        "extraInfo": [
          {
            "key": "",
            "value": ""
          }
        ]
      },
      "javascriptConfig": {
        "removeJavascript": true,
        "loadInWebView": false,
        "javaScript": "  const DefaultLayouts = { ultraWideFull : 'ultraWideFull', ultraWide : 'ultraWide', wideFull : 'wideFull', wide : 'wide', wideStrechedFull : 'wideStrechedFull', wideStrechedFullDouble : 'WideStrechedFullDouble', wideStreched : 'wideStreched', wideStrechedDouble : 'wideStrechedDouble', wideStrechedFullList : 'wideStrechedFullList', wideStrechedList : 'wideStrechedList', doublets : 'doublets', doubletsDouble : 'doubletsDouble', doubletsFull : 'doubletsFull', doubletsFullDouble : 'doubletsFullDouble', doubletsConstant : 'doubletsConstant', doubletsDoubleConstant : 'doubletsDoubleConstant', doubletsFullConstant : 'doubletsFullConstant', doubletsFullDoubleConstant : 'doubletsFullDoubleConstant', longDoublets : 'longDoublets', longDoubletsDouble : 'longDoubletsDouble', longDoubletsFull : 'longDoubletsFull', longDoubletsFullDouble : 'longDoubletsFullDouble', longDoubletsConstant : 'longDoubletsConstant', longDoubletsDoubleConstant : 'longDoubletsDoubleConstant', longDoubletsFullConstant : 'longDoubletsFullConstant', longDoubletsFullDoubleConstant : 'longDoubletsFullDoubleConstant', triplets : 'triplets', tripletsDouble : 'tripletsDouble', tripletsFull : 'tripletsFull', tripletsFullDouble : 'tripletsFullDouble', tripletsConstant : 'tripletsConstant', tripletsDoubleConstant : 'tripletsDoubleConstant', tripletsFullConstant : 'tripletsFullConstant', tripletsFullDoubleConstant : 'tripletsFullDoubleConstant', longTriplets : 'longTriplets', longTripletsDouble : 'longTripletsDouble', longTripletsFull : 'longTripletsFull', longTripletsFullDouble : 'longTripletsFullDouble', longTripletsConstant : 'longTripletsConstant', longTripletsDoubleConstant : 'longTripletsDoubleConstant', longTripletsFullConstant : 'longTripletsFullConstant', longTripletsFullDoubleConstant : 'longTripletsFullDoubleConstant', none: '' }; const CellDesings = { small1 : 'small1', normal1 : 'normal1', normal2 : 'normal2', normal3 : 'normal3', normal4 : 'normal4', normal5 : 'normal5', normal6 : 'normal6', normal7 : 'normal7', wide1 : 'wide1', wide2 : 'wide2', wide3 : 'wide3', wide4 : 'wide4', wide5 : 'wide5', wide6 : 'wide6', wide7 : 'wide7', wide8 : 'wide8', wide9 : 'wide9', wide10 : 'wide10', wide11 : 'wide11' }; const Paging = { leading : 'leading', centered : 'centered', none : '' }; const Orientation = { horizontal : 'horizontal', vertical : 'vertical' }; function Search(request,extra,separator,javascriptConfig,output) { this.request = request; this.extra = extra; this.separator = separator; this.javascriptConfig = javascriptConfig; this.output = output; } function ModuleRequest(url,method,headers,params) { this.url = url; this.method = method; this.headers = headers; this.params = params; } function Extra(commands,extraInfo) { this.commands = commands; this.extraInfo = extraInfo; } function Commands(commandName,params) { this.commandName = commandName; this.params = params; } function JavascriptConfig(removeJavascript,loadInWebView,javaScript) { this.removeJavascript = removeJavascript; this.loadInWebView = loadInWebView; this.javaScript = javaScript; } function KeyValue(key,value) { this.key = key; this.value = value; } function Output(cellDesing,orientation,defaultLayout,paging,section,layout,data) { this.cellDesing = cellDesing; this.orientation = orientation; this.defaultLayout = defaultLayout; this.paging = paging; this.section = section; this.layout = layout; this.data = data; } function Section(sectionName,separator) { this.sectionName = sectionName; this.separator = separator; } function Layout(insets,visibleCellsWidth,visibleCellsHeight,heightForVisibleCells,cellSize,ratio,constant,horizontalSpacing,verticalSpacing,ipadLayout) { this.insets = insets; this.visibleCellsWidth = visibleCellsWidth; this.visibleCellsHeight = visibleCellsHeight; this.heightForVisibleCells = heightForVisibleCells; this.cellSize = cellSize; this.ratio = ratio; this.constant = constant; this.horizontalSpacing = horizontalSpacing; this.verticalSpacing = verticalSpacing; this.ipadLayout = ipadLayout; } function Insets(top,bottom,left,right) { this.top = top; this.bottom = bottom; this.left = left; this.right = right; } function Size(width,height) { this.width = width; this.height = height; } function Ratio(inRelation,number1,number2) { this.inRelation = inRelation; this.number1 = number1; this.number2 = number2; } function Data(image,title,description,field1,field2,field3,field4,moduleID,isChapter,link) { this.image = image; this.title = title; this.description = description; this.field1 = field1; this.field2 = field2; this.field3 = field3; this.field4 = field4; this.moduleID = moduleID; this.isChapter = isChapter; this.link = link; } var savedData = document.getElementById('ketsu-final-data'); var parsedJson = JSON.parse(savedData.innerHTML); let output = []; let emptyKeyValue = [new KeyValue('','')]; let moduleID = 234234823; let lastAdded = document.querySelectorAll('.anime__item'); let lastAddedArray = []; for (var x = 0; x < lastAdded.length;x++) { try { var last = lastAdded[x]; var image = last.querySelector('.set-bg').getAttribute('data-setbg'); image = new ModuleRequest(image, 'get', emptyKeyValue, null); let title = last.querySelector('h5').querySelector('a').textContent; var link = last.querySelector('a').href; link = new ModuleRequest(link, 'get', emptyKeyValue, null); let data = new Data(image,title,'This is the description','Anime','Ongoing','This is the description','This is the description',moduleID,false,link); lastAddedArray.push(data); } catch (e) {} } output.push(new Output(CellDesings.wide9,Orientation.vertical,DefaultLayouts.wideStrechedFullList,Paging.none,new Section('',true),null,lastAddedArray)); let searchPageObject = new Search(new ModuleRequest('','',emptyKeyValue,emptyKeyValue),new Extra([new Commands('',emptyKeyValue)],emptyKeyValue),'',new JavascriptConfig(false,false,''),output); var finalJson = JSON.stringify(searchPageObject); savedData.innerHTML = finalJson; "
      },
      "output": [
        {
          "cellDesing": "normal1",
          "orientation": "vertical",
          "defaultLayout": "wide",
          "paging": "",
          "section": {
            "sectionName": "",
            "separator": false
          },
          "layout": {
            "insets": {
              "top": 0,
              "bottom": 0,
              "left": 0,
              "right": 0
            },
            "visibleCellsWidthS": 2,
            "visibleCellsWidthM": 2,
            "visibleCellsWidthL": 2,
            "visibleCellsHeight": 2,
            "heightForVisibleCells": 400,
            "cellSize": {
              "width": 300,
              "height": 300
            },
            "ratio": {
              "inRelation": "width",
              "number1": 1,
              "number2": 2
            },
            "constant": {
              "width": 1,
              "height": 2
            },
            "horizontalSpacing": 0,
            "verticalSpacing": 0
          },
          "data": [
            {
              "image": {
                "url": "https://jkanime.net/",
                "method": "get",
                "headers": [
                  {
                    "key": "",
                    "value": ""
                  }
                ],
                "httpBody": null
              },
              "title": "",
              "description": "",
              "field1": "",
              "field2": "",
              "field3": "",
              "field4": "",
              "moduleID": "2384029348",
              "isChapter": false,
              "link": {
                "url": "empty",
                "method": "get",
                "headers": [
                  {
                    "key": "key",
                    "value": "value"
                  }
                ],
                "httpBody": null
              }
            }
          ]
        }
      ]
    }
  ],
  "info": [
    {
      "request": {
        "url": "empty",
        "method": "get",
        "headers": [
          {
            "key": "key",
            "value": "value"
          }
        ],
        "httpBody": null
      },
      "extra": {
        "commands": [
          {
            "commandName": "",
            "params": [
              {
                "key": "",
                "value": ""
              }
            ]
          }
        ],
        "extraInfo": [
          {
            "key": "",
            "value": ""
          }
        ]
      },
      "javascriptConfig": {
        "removeJavascript": true,
        "loadInWebView": false,
        "javaScript": "  function Info(request,extra,javascriptConfig,output) { this.request = request; this.extra = extra; this.javascriptConfig = javascriptConfig; this.output = output; } function ModuleRequest(url,method,headers,params) { this.url = url; this.method = method; this.headers = headers; this.params = params; } function Extra(commands,extraInfo) { this.commands = commands; this.extraInfo = extraInfo; } function Commands(commandName,params) { this.commandName = commandName; this.params = params; } function JavascriptConfig(removeJavascript,loadInWebView,javaScript) { this.removeJavascript = removeJavascript; this.loadInWebView = loadInWebView; this.javaScript = javaScript; } function KeyValue(key,value) { this.key = key; this.value = value; } function Chapter(chapName,link,openInWebView) { this.chapName = chapName; this.link = link; this.openInWebView = openInWebView; } function Output(image,title,link,description,moduleID,genres,field1,field2,field3,field4,chapters) { this.image = image; this.link = link; this.title = title; this.description = description; this.genres = genres; this.moduleID = moduleID; this.field1 = field1; this.field2 = field2; this.field3 = field3; this.field4 = field4; this.chapters = chapters; } function getStuff(array,match) { for (var x = 0 ; x< array.length;x++) { let data = array[x].textContent; if (data.includes(match)) { return data.replace(match,'').trim(); } } } var savedData = document.getElementById('ketsu-final-data'); var parsedJson = JSON.parse(savedData.innerHTML); let emptyKeyValue = [new KeyValue('','')]; let moduleID = 234234823; var image = document.querySelector('.anime__details__pic').getAttribute('data-setbg'); image = new ModuleRequest(image,'get',emptyKeyValue,emptyKeyValue); let title = document.querySelector('.anime__details__title').textContent.trim(); let description = document.querySelector('.anime__details__text').querySelector('p').textContent; let arrayData = document.querySelector('.anime__details__widget').querySelectorAll('li'); let field1 = getStuff(arrayData,'Tipo:'); let field2 = getStuff(arrayData,'Estado:'); let field3 = getStuff(arrayData,'Episodios:') + ' Episodes'; let field4 = getStuff(arrayData,'Idiomas:'); let genres = getStuff(arrayData,'Genero:').split(' , '); let chaptersArray = []; var chapters = document.querySelector('.anime__pagination').querySelectorAll('a');var last = chapters[chapters.length - 1].textContent.split(' - ')[1];var chaptersInt = parseInt(last);for (var x = 0; x < chaptersInt; x++) { var fixedLink = parsedJson.request.url + (x + 1); let chapter = new Chapter('Episode ' + (x + 1),new ModuleRequest(fixedLink,'get',emptyKeyValue,emptyKeyValue),false); chaptersArray.push(chapter);} let infoPageObject = new Info(new ModuleRequest('','',emptyKeyValue,emptyKeyValue),new Extra([new Commands('',emptyKeyValue)],emptyKeyValue),new JavascriptConfig(false,false,''),new Output(image,title,parsedJson.request,description,moduleID,genres,field1,field2,field3,field4,chaptersArray)); var finalJson = JSON.stringify(infoPageObject); savedData.innerHTML = finalJson;"
      },
      "output": {
        "image": {
          "url": "https://jkanime.net/",
          "method": "get",
          "headers": [
            {
              "key": "",
              "value": ""
            }
          ],
          "httpBody": null
        },
        "link": {
          "url": "https://jkanime.net/",
          "method": "get",
          "headers": [
            {
              "key": "",
              "value": ""
            }
          ],
          "httpBody": null
        },
        "title": "",
        "description": "",
        "moduleID": "234234823",
        "genres": [
          ""
        ],
        "field1": "",
        "field2": "",
        "field3": "",
        "field4": "",
        "chapters": [
          {
            "chapName": "",
            "openInWebView": false,
            "link": {
              "url": "empty",
              "method": "get",
              "headers": [
                {
                  "key": "key",
                  "value": "value"
                }
              ],
              "httpBody": null
            }
          }
        ]
      }
    }
  ],
  "chapters": [
    {
      "request": {
        "url": "empty",
        "method": "get",
        "headers": [
          {
            "key": "key",
            "value": "value"
          }
        ],
        "httpBody": null
      },
      "extra": {
        "commands": [
          {
            "commandName": "",
            "params": [
              {
                "key": "",
                "value": ""
              }
            ]
          }
        ],
        "extraInfo": [
          {
            "key": "",
            "value": ""
          }
        ]
      },
      "javascriptConfig": {
        "removeJavascript": false,
        "loadInWebView": false,
        "javaScript": "function Chapters(request, extra, javascriptConfig, output) { this.request = request; this.extra = extra; this.javascriptConfig = javascriptConfig; this.output = output;}function ModuleRequest(url, method, headers, params) { this.url = url; this.method = method; this.headers = headers; this.params = params;}function Extra(commands, extraInfo) { this.commands = commands; this.extraInfo = extraInfo;}function Commands(commandName, params) { this.commandName = commandName; this.params = params;}function JavascriptConfig(removeJavascript, loadInWebView, javaScript) { this.removeJavascript = removeJavascript; this.loadInWebView = loadInWebView; this.javaScript = javaScript;}function KeyValue(key, value) { this.key = key; this.value = value;}function Output(moduleID, videos, images, text) { this.moduleID = moduleID; this.videos = videos; this.images = images; this.text = text;}function Videos(needsResolver, rawVideo) { this.needsResolver = needsResolver; this.rawVideo = rawVideo;}function NeedsResolver(resolverIdentifier, link) { this.resolverIdentifier = resolverIdentifier; this.link = link;}function RawVideo(video) { this.video = video;}function Video(videoQuality, videoLink) { this.videoQuality = videoQuality; this.videoLink = videoLink;}function Images(images) { this.images = images;}function Text(text) { this.text = text;}var moduleID = '234234823';var output = [];var raw = [];var emptyKeyValue = [new KeyValue('', '')];var savedData = document.getElementById('ketsu-final-data');var parsedJson = JSON.parse(savedData.innerHTML);for (var x = 0; x < video.length; x++) { var tempDiv = document.createElement('div'); tempDiv.innerHTML = video[x]; var link = tempDiv.firstChild.src; if (link != null) { var newLink = link.split('?u='); if (newLink.length > 1) { newLink = newLink[1]; } else { newLink = newLink[0]; } var id = ''; if (link.includes('fembed')) { newLink = 'https://www.fembed.com/v/' + newLink; } else if (link.includes('jkvmixdrop')) { newLink = 'https://mixdrop.co/e/' + newLink; } else if (link.includes('okru')) { newLink = 'https://ok.ru/videoembed/' + newLink; } else if (link.includes('um.php')) { id = 'UM'; } else if (link.includes('jk.php')) { id = 'JK'; newLink = 'https://jkanime.net/' + newLink; raw.push(new RawVideo([new Video('Normal',new ModuleRequest(newLink, 'get', emptyKeyValue, emptyKeyValue))])); } if (!link.includes('jk.php')) { output.push(new NeedsResolver(id, new ModuleRequest(newLink, 'get', emptyKeyValue, emptyKeyValue))); } }}let emptyExtra = new Extra([new Commands('', emptyKeyValue)], emptyKeyValue);var chaptersObject = new Chapters(new ModuleRequest('', '', emptyKeyValue, emptyKeyValue), emptyExtra, new JavascriptConfig(false, false, ''), new Output(moduleID, new Videos(output, raw), null, null));var finalJson = JSON.stringify(chaptersObject);savedData.innerHTML = finalJson;"
      },
      "output": {
        "moduleID": "234234823",
        "videos": {
          "needsResolver": [
            {
              "resolverIdentifier": "",
              "link": {
                "url": "https://jkanime.net/",
                "method": "get",
                "headers": [
                  {
                    "key": "key",
                    "value": "value"
                  }
                ],
                "httpBody": null
              }
            }
          ],
          "rawVideo": [
            {
              "video": [
                {
                  "videoQuality": "720",
                  "videoLink": {
                    "url": "http://commondatastorage.googleapis.com/gtv-videos-bucket/sample/BigBuckBunny.mp4",
                    "method": "get",
                    "headers": [
                      {
                        "key": "key",
                        "value": "value"
                      }
                    ],
                    "httpBody": null
                  }
                }
              ]
            }
          ]
        },
        "images": [
          {
            "url": "empty",
            "method": "get",
            "headers": [
              {
                "key": "key",
                "value": "value"
              }
            ],
            "httpBody": null
          }
        ],
        "text": {
          "text": ""
        }
      }
    }
  ],
  "moduleResolvers": [
    {
      "resolverInfo": {
        "resolverName": "",
        "nameMatches": [
          ""
        ],
        "developer": "",
        "moduleID": "",
        "resolverVersion": 1,
        "baseURL": ""
      },
      "resolver": [
        {
          "request": {
            "url": "empty",
            "method": "get",
            "headers": [
              {
                "key": "key",
                "value": "value"
              }
            ],
            "httpBody": null
          },
          "extra": {
            "commands": [
              {
                "commandName": "",
                "params": [
                  {
                    "key": "",
                    "value": ""
                  }
                ]
              }
            ],
            "extraInfo": [
              {
                "key": "",
                "value": ""
              }
            ]
          },
          "javascriptConfig": {
            "removeJavascript": false,
            "loadInWebView": false,
            "javaScript": ""
          },
          "output": {
            "moduleID": "234234823",
            "video": [
              {
                "videoQuality": "720",
                "videoLink": {
                  "url": "http://commondatastorage.googleapis.com/gtv-videos-bucket/sample/BigBuckBunny.mp4",
                  "method": "get",
                  "headers": [
                    {
                      "key": "key",
                      "value": "value"
                    }
                  ],
                  "httpBody": null
                }
              }
            ]
          }
        }
      ]
    }
  ],
  "responseCodeFunctions": [
    {
      "code": 0,
      "msgTitle": "",
      "msgBody": "",
      "type": "normal",
      "functions": [
        {
          "request": {
            "url": "empty",
            "method": "get",
            "headers": [
              {
                "key": "key",
                "value": "value"
              }
            ],
            "httpBody": null
          },
          "extra": {
            "commands": [
              {
                "commandName": "",
                "params": [
                  {
                    "key": "",
                    "value": ""
                  }
                ]
              }
            ],
            "extraInfo": [
              {
                "key": "",
                "value": ""
              }
            ]
          },
          "javascriptConfig": {
            "removeJavascript": true,
            "loadInWebView": false,
            "javaScript": ""
          }
        }
      ]
    }
  ],
  "helperFunctions": [
    {
      "functionName": "example",
      "msgTitle": "",
      "msgBody": "",
      "type": "normal",
      "functions": [
        {
          "request": {
            "url": "empty",
            "method": "get",
            "headers": [
              {
                "key": "key",
                "value": "value"
              }
            ],
            "httpBody": null
          },
          "extra": {
            "commands": [
              {
                "commandName": "",
                "params": [
                  {
                    "key": "",
                    "value": ""
                  }
                ]
              }
            ],
            "extraInfo": [
              {
                "key": "",
                "value": ""
              }
            ]
          },
          "javascriptConfig": {
            "removeJavascript": true,
            "loadInWebView": false,
            "javaScript": ""
          }
        }
      ]
    }
  ]
}
